S/N,Terminal ID,Terminal Serial,Business Name,Payment Value,Payment Volume,Transfer Value,Transfer Volume,"Target PaymentValue",Target Met,"Days Since LastTransaction"
1,2070HJMU,P260301527436,Fouani Nig. VIctoria Island,"25,065,462.00",20,0,0,"20,000.00",TRUE,0
2,20575BLC,P260301576005,"Solat Telecoms EnterprisesMokola","8,963,500.00",83,0,0,"20,000.00",TRUE,0
3,20704YGS,P260301533041,Jofes Intl 4,"4,022,638.00",314,0,0,"20,000.00",TRUE,0
4,207008BD,P260301726925,Flymo Plus Ventures,"3,776,900.00",136,"4,116,120.00",62,"20,000.00",TRUE,0
5,2033LYU9,P260300547217,"ON LINE TELECOMS - ON LINETELECOMS","3,745,450.00",55,"2,679,000.00",33,"20,000.00",TRUE,0
6,2057DZYW,P260300791177,"D-AFFATECH MULTIBUSINESSVENTURE, IFE - AFFATECHDATA SERVICES","3,534,700.00",67,"3,529,264.00",23,"20,000.00",TRUE,0
7,20331OTQ,P260300691046,Country kitchen venture  ile ife 3,"3,437,790.00",252,"3,421,650.00",1,"20,000.00",TRUE,0
8,2057EESK,P260300654359,Soat Global Link,"3,347,450.00",80,"6,305,637.00",32,"20,000.00",TRUE,0
9,20700KFW,P260300811178,Sani Garba Babangida,"3,078,000.00",99,"2,479,600.00",62,"20,000.00",TRUE,0
10,2070K8VB,P260300650153,SOLAT Telecoms ISOLAK,"3,067,800.00",41,0,0,"20,000.00",TRUE,0
11,2033ZARS,P260300101974,Every Shade,"3,001,900.00",56,"1,610,500.00",17,"20,000.00",TRUE,0
12,2070H9US,P260300700651,ACE ILE IFE SUPERMARKET,"2,286,895.00",197,0,0,"20,000.00",TRUE,0
13,207038BB,P260301195316,On line telecoms,"2,269,200.00",61,"2,032,700.00",23,"20,000.00",TRUE,0
14,2214MLRT,A42P008D01900814,SAKARIYAU MALIK OPEYEMI,"2,103,800.00",32,0,0,"20,000.00",TRUE,0
15,2070E9NH,P260301049447,"Vanguard Pharmacy ltd -Vanguard pharmacy Osogbo2","2,068,509.00",147,0,0,"20,000.00",TRUE,0
16,2057C31C,C41P008D01509563,T Essentials,"1,896,630.00",16,0,0,"20,000.00",TRUE,0
17,2070M1MF,P260300852844,Olympus Hotel and lounge II,"1,864,350.00",26,0,0,"20,000.00",TRUE,0
18,20709LPN,P260300244067,AK fortune venture,"1,740,600.00",46,"2,702,500.00",16,"20,000.00",TRUE,0
19,2070RX7W,P260300508475,"BOVAS & COMPANY LIMITED -BOVAS AND COMPANYOLOGUNERU 2","1,715,840.00",48,0,0,"20,000.00",TRUE,0
20,2070Q8TB,P260300699532,Gods miracle trading company,"1,613,500.00",12,0,0,"20,000.00",TRUE,0
21,2214MFJY,P260301754191,"BOVAS & COMPANY LIMITED -BOVAS AND COMPANY OjoduLPG","1,605,255.00",138,0,0,"20,000.00",TRUE,0
22,2033PBZA,P260300490091,"KORRECT STORES - RISINGSTAR INTERLINKS","1,602,150.00",77,"1,833,450.00",44,"20,000.00",TRUE,0
23,2070XA0K,P260300992815,FOODCO NIG Akobo 5,"1,579,425.95",209,0,0,"20,000.00",TRUE,0
24,207008LP,P260300615602,PREMERC VENTURES,"1,560,250.00",74,"251,000.00",22,"20,000.00",TRUE,0
25,2033XVR3,P260300704269,Herbey Ventures,"1,466,500.00",62,"1,271,500.00",13,"20,000.00",TRUE,0
26,2070G8JZ,P260301946156,Endowed petrol station,"1,463,758.00",188,0,0,"20,000.00",TRUE,0
27,2070MHF9,P260300319967,Assomad Bussiness Ventures,"1,459,300.00",52,"886,750.00",31,"20,000.00",TRUE,0
28,2070I9TW,P260301288861,"BOVAS & COMPANY LIMITED -BOVAS AND COMPANY OjoduLPG","1,294,269.00",91,0,0,"20,000.00",TRUE,0
29,2070783Z,P260300076145,Great success,"1,274,650.00",12,"1,181,450.00",6,"20,000.00",TRUE,0
30,20704WTR,P260301671976,Jofes Intl 3,"1,179,034.00",102,0,0,"20,000.00",TRUE,0
31,2033ITF2,P260300454240,oj venture,"1,139,400.00",53,"1,565,100.00",16,"20,000.00",TRUE,0
32,2070308G,P260300126521,Soat Global Link,"1,106,937.00",4,"1,595,029.00",6,"20,000.00",TRUE,0
33,2070BVMI,P260301681891,Alas 1 venture,"1,091,000.00",71,"1,438,973.00",39,"20,000.00",TRUE,0
34,2033ZMZ3,P260300723181,Abeebat jubril II,"1,081,200.00",54,"769,900.00",12,"20,000.00",TRUE,0
35,2070H8DX,P260300647526,"Tunmisekennytee globalresources","1,072,100.00",11,0,0,"20,000.00",TRUE,0
36,2070124N,P260300574439,akintobi poly,"1,057,190.00",60,"909,700.00",17,"20,000.00",TRUE,0
37,2057UUCI,P260300738968,"BOVAS & COMPANY LIMITED -BOVAS AND COMPANYARULOGUN LPG","1,053,400.00",102,0,0,"20,000.00",TRUE,0
38,2033EQUX,P260300231466,"Home of Joy AgriculturalEnterprise","1,050,150.00",35,"966,400.00",13,"20,000.00",TRUE,0
39,20704YYN,P260300134572,Teemah prudent III,"1,050,000.00",3,"1,145,000.00",7,"20,000.00",TRUE,0
40,207089EQ,P260300572107,lolly Enterprise,"1,032,600.00",88,"1,032,500.00",44,"20,000.00",TRUE,0
41,2070X5KZ,P260301339325,ACE BODIJA SUPERMARKET 2,"1,028,502.00",177,0,0,"20,000.00",TRUE,0
42,2070492M,P260301499325,MARCUS POS AND CO,"1,027,000.00",89,"950,700.00",15,"20,000.00",TRUE,0
43,2070FFCQ,P260301479821,SDA HOSPITAL,"970,571.00",77,0,0,"20,000.00",TRUE,0
44,207085CL,P260300355043,Olaq Ventures,"961,550.00",33,"1,093,200.00",14,"20,000.00",TRUE,0
45,2070EHZ4,P260300700705,"BOVAS & COMPANY LIMITED -BOVAS COMPANY TAIWOROAD","946,500.00",24,0,0,"20,000.00",TRUE,0
46,2033BCUL,P260300218402,IBRAHIM KILADESE,"943,890.00",49,"203,800.00",16,"20,000.00",TRUE,0
47,2033GUE1,P260300351164,His Mercy Venture II,"930,900.00",45,"1,863,550.00",44,"20,000.00",TRUE,0
48,207063KG,P260301460418,cornerstone multiventure,"917,600.00",37,"903,100.00",16,"20,000.00",TRUE,0
49,20700QDV,P260300438677,TBlessing Ventures,"878,100.00",51,"1,410,600.00",22,"20,000.00",TRUE,0
50,2070XA0Z,P260300973768,FOODCO NIG IDI ABA 3,"849,469.00",222,0,0,"20,000.00",TRUE,0
51,2070AMHX,P260301219414,MO MOREOLUWA,"831,500.00",3,"1,143,375.00",2,"20,000.00",TRUE,0
52,2057EGAN,P260300174187,"OLUWATOSIN-ADEREMICOMMUNICATION -OLUWATOSIN","823,050.00",48,"33,200.00",7,"20,000.00",TRUE,0
53,2070E1PA,P260300699242,"Oreolohun Tofunmi FrozenFoods2","801,350.00",31,"799,255.00",2,"20,000.00",TRUE,0
54,2070M2HQ,P260300780432,A AKINPELU GLOBAL LINK,"790,300.00",11,"569,000.00",12,"20,000.00",TRUE,0
55,2033RHY4,P260300029798,Rasbazin Integrated Services,"787,400.00",10,0,0,"20,000.00",TRUE,0
56,2070VXL8,P260300691045,Taska  Chicken Delight 6,"784,090.00",189,0,0,"20,000.00",TRUE,0
57,2070N1ON,P260301325655,TEEWAH,"778,500.00",29,"510,500.00",3,"20,000.00",TRUE,0
58,20574YHO,P260300790488,"SHITTU NIYI NIGERIANENTERPRISES","769,300.00",11,0,0,"20,000.00",TRUE,0
59,2070BKQL,P260301681890,"BTC OIL AND GAS - btc oil andgas 4","762,400.00",104,0,0,"20,000.00",TRUE,0
60,2033NTB7,P260300524896,Kafayat Kiladese,"739,650.00",69,"34,800.00",4,"20,000.00",TRUE,0
61,20338BSB,P260301332108,OLAOLUWA COMMUNication,"738,200.00",10,"1,072,000.00",2,"20,000.00",TRUE,0
62,2033NOS1,P260300619898,yah lateef telecom,"734,500.00",34,"1,046,900.00",17,"20,000.00",TRUE,0
63,2057UUFI,P260300738960,"BOVAS & COMPANY LIMITED -BOVAS AND COMPANYOGBOMOSO 1 LPG","714,220.00",98,0,0,"20,000.00",TRUE,0
64,2070RX7S,P260301246697,"BOVAS & COMPANY LIMITED -BOVAS AND COMPANYMODINAT","710,000.00",6,0,0,"20,000.00",TRUE,0
65,2057DZEX,P260301122355,OO+PLUS GLOBAL CONCEPT 1,"703,000.00",74,"788,000.00",20,"20,000.00",TRUE,0
66,2070598B,P260300850456,HYE BEE KAY TELECOM.,"696,880.00",65,"692,900.00",15,"20,000.00",TRUE,0
67,20704MXD,P260300365638,Olalekan Ayofe II,"689,800.00",174,"107,900.00",10,"20,000.00",TRUE,0
68,2070T8ZO,P260300508004,APANPA Frozen Foods,"686,850.00",10,0,0,"20,000.00",TRUE,0
69,2057DLXC,P260300254653,Optimist Global Concept,"682,200.00",64,"1,272,200.00",17,"20,000.00",TRUE,0
70,2057NADW,P260300421133,Alawaye Venture,"677,650.00",11,"425,200.00",6,"20,000.00",TRUE,0
71,2057AQYZ,P260301219415,GOD'S TIME,"673,950.00",35,"625,600.00",7,"20,000.00",TRUE,0
72,2033NRQ4,P260300123883,Jub communications ltd,"672,000.00",82,"99,700.00",16,"20,000.00",TRUE,0
73,2057NJIX,P260300438678,Alaoly ventures,"667,964.00",23,"664,785.00",10,"20,000.00",TRUE,0
74,20575BLX,P260301303556,Herbey ventures II,"648,950.00",52,"1,307,100.00",11,"20,000.00",TRUE,0
75,2070019G,P260300777490,"Bil_Muiz Famous ServiceCompany","643,900.00",48,"688,470.00",7,"20,000.00",TRUE,0
76,2033QGH5,P260300362209,ADEJOKE ENTERPRISE,"643,580.00",52,"649,850.00",13,"20,000.00",TRUE,0
77,2070ADNF,P260301235212,mammyjamal,"641,300.00",15,"736,000.00",3,"20,000.00",TRUE,0
78,207098QB,P260300605631,OO+PLUS GLOBAL CONCEPT 2,"640,900.00",40,"971,450.00",17,"20,000.00",TRUE,0
79,207080CS,P260301219417,God's time fashion designer,"635,900.00",36,"2,268,200.00",17,"20,000.00",TRUE,0
80,2070P3BE,P260300746744,FOODCO NIG IKOYI 4,"625,675.00",212,0,0,"20,000.00",TRUE,0
81,20709VRP,C42P008D01908028,FATAI SHUKURAT OMOWUMI,"623,150.00",12,0,0,"20,000.00",TRUE,0
82,2070SVB5,P260300612098,Shokem mart 3,"622,800.00",100,0,0,"20,000.00",TRUE,0
83,2070O274,P260300500516,JJ4real commercial interbiz,"611,150.00",47,"426,000.00",4,"20,000.00",TRUE,0
84,2070W2PU,P260301319877,"OYINLOLA MADEGUN NIGENTERPRISES","609,000.00",3,"1,070,000.00",5,"20,000.00",TRUE,0
85,207015DK,P260300314754,"Du2klip07 Accessories andCommunication Ventures","600,900.00",15,"469,350.00",28,"20,000.00",TRUE,0
86,2070429K,P260300118854,"SHEFCOM ADEGOKECOMMUNICATIONS","593,650.00",18,"662,100.00",7,"20,000.00",TRUE,0
87,2070305G,P260301039048,Soat Global Link,"584,550.00",72,"581,754.00",19,"20,000.00",TRUE,0
88,2070ET4A,P260300992599,FOODCO NIG,"579,071.41",141,0,0,"20,000.00",TRUE,0
89,20701XKK,P260300445817,Awesu 4,"571,500.00",52,"156,000.00",9,"20,000.00",TRUE,0
90,2033NQR8,P260300018129,Kehinde Ayinde,"568,800.00",27,"621,650.00",12,"20,000.00",TRUE,0
91,20339UFT,P260301201637,Ace Akobo Supermarket 2,"561,000.00",68,0,0,"20,000.00",TRUE,0
92,2070442E,P260300318990,Jummy communication,"559,350.00",17,"1,250,250.00",11,"20,000.00",TRUE,0
93,2214Q48C,P260301758720,Oyesaf trading store,"545,400.00",8,0,0,"20,000.00",TRUE,0
94,2033ZMI2,P260301213905,HYE BEE KAY TELECOM 1,"544,165.00",51,"347,800.00",13,"20,000.00",TRUE,0
95,2070I9UH,P260300700708,"BOVAS & COMPANY LIMITED -BOVAS AND COMPANY Sobiroad LPG","540,919.30",53,0,0,"20,000.00",TRUE,0
96,2033QGH3,P260300684902,"KOLLYHINO ENTERPRISE -Kollyhino Enterprise","530,200.00",11,"2,470,900.00",14,"20,000.00",TRUE,0
97,2070MU5Q,P260300704233,"BOVAS & COMPANY LIMITED -BOVAS AND COMPANY Tede","522,500.00",2,0,0,"20,000.00",TRUE,0
98,2070TL9B,P260301166016,Multibeauty,"515,800.00",2,0,0,"20,000.00",TRUE,0
99,2057URSX,P260301682516,"BOVAS & COMPANY LIMITED -BOVAS AND COMPANY ILESHA4","508,920.00",11,0,0,"20,000.00",TRUE,0
100,2033ZMOQ,P260300413594,"SAHID-NIRAN  ADEJUMO OASISVENTURES - Forturite store","508,050.00",12,0,0,"20,000.00",TRUE,0
101,2070LUNM,P260301671975,Kamorudeen dasola,"503,600.00",21,"492,900.00",10,"20,000.00",TRUE,0
102,2214JN2H,P260301812970,POPOOLA SEKINAT  JADESOLA,"500,000.00",1,"553,000.00",4,"20,000.00",TRUE,0
103,2070P3BI,P260300746750,FOODCO NIG RING ROAD 4,"497,060.41",98,0,0,"20,000.00",TRUE,0
104,2070X5JA,P260301216998,"ACE OLUYOLE SUPERMARKET2","483,916.00",84,0,0,"20,000.00",TRUE,0
105,2070XA0J,P260301338773,FOODCO NIG AKALA 5,"475,740.00",155,0,0,"20,000.00",TRUE,0
106,2070VIM5,P260300524690,Yettybizz,"472,500.00",21,"453,700.00",9,"20,000.00",TRUE,0
107,2070L402,P260300237933,Adeolamulti-ventures,"451,300.00",33,"282,300.00",29,"20,000.00",TRUE,0
108,2033EQQB,P260300315048,Gracious Ventures,"449,500.00",19,"72,100.00",4,"20,000.00",TRUE,0
109,2033HZI0,P260300076955,Jub communications ltd,"446,800.00",37,"11,800.00",2,"20,000.00",TRUE,0
110,20705NFN,P260300415519,Fastlink Concept,"443,100.00",25,"450,000.00",2,"20,000.00",TRUE,0
111,2070ESK7,P260300134587,KSBIF oil and gas venture,"435,900.00",10,"429,700.00",6,"20,000.00",TRUE,0
112,207083RL,P260300647529,Dara cake store,"428,550.00",34,0,0,"20,000.00",TRUE,0
113,2070PZK4,C42P008D01934078,OYINLOLA MADEGUN NIG Ltd.,"427,500.00",6,"427,000.00",7,"20,000.00",TRUE,0
114,2033JGXO,P260300123878,EmmaGold global ventures,"422,300.00",71,"338,700.00",14,"20,000.00",TRUE,0
115,2070YS9K,P260301351897,Ace Osogbo Supermarket 2,"408,425.00",57,0,0,"20,000.00",TRUE,0
116,207054PU,P260300166133,Abimbola Olunlade,"407,500.00",6,"365,500.00",4,"20,000.00",TRUE,0
117,2033CQJJ,P260300122597,Kollyhino Enterprise 2,"404,700.00",9,"323,000.00",3,"20,000.00",TRUE,0
118,2057AUMS,P260301091813,God gift,"401,150.00",68,"15,100.00",4,"20,000.00",TRUE,0
119,2070ANTZ,P260301302582,ome of joy agricultural enterprises,"387,200.00",13,"247,500.00",5,"20,000.00",TRUE,0
120,2070DXP4,P260300620112,Yetbol Store,"383,250.00",18,"373,000.00",7,"20,000.00",TRUE,0
121,2057O5NG,C42P008D01948050,GBADAMOSI BASIRAT AJOKE,"359,900.00",21,"359,500.00",5,"20,000.00",TRUE,0
122,2033CUSE,P260301503577,Povre Business Ventures,"355,450.00",66,"632,000.00",20,"20,000.00",TRUE,0
123,2033ZJTM,P260300413590,"MISGAR PHARMACEUTICALLTD - Misgar Pharmacy","350,546.00",26,0,0,"20,000.00",TRUE,0
124,2057EDKU,P260301044449,Greight success II,"343,250.00",38,"268,490.00",8,"20,000.00",TRUE,0
125,2033XUE8,P260300654352,SDA HOSPITAL,"332,550.00",32,0,0,"20,000.00",TRUE,0
126,2070J959,P260300138162,Sholly,"327,150.00",11,"329,000.00",8,"20,000.00",TRUE,0
127,2070N5RI,P260301045009,Anibos Global Ventures,"322,900.00",30,"1,150,000.00",3,"20,000.00",TRUE,0
128,2070DL6A,P260301351896,Ace Oyo supermarket 2,"318,920.00",71,0,0,"20,000.00",TRUE,0
129,2033CLGO,P260301650727,"EVERYDAYNEEDS SHOP -EVERYDAYNEEDS SHOP","317,450.00",55,"156,750.00",12,"20,000.00",TRUE,0
130,2070HID3,P260300517022,Bs Supermarket,"316,480.00",106,0,0,"20,000.00",TRUE,0
131,2070WZ0U,P260300992584,FOODCO NIG Moniya 1,"307,728.60",104,0,0,"20,000.00",TRUE,0
132,2070360S,P260300096647,Gold's Empire Communications,"302,100.00",2,"1,900.00",1,"20,000.00",TRUE,0
133,207063MA,P260300029654,Divine Favour,"299,450.00",44,"13,200.00",6,"20,000.00",TRUE,0
134,2057UUGD,P260300735765,"BOVAS & COMPANY LIMITED -BOVAS AND COMPANY OMUARAN LPG","289,181.00",24,0,0,"20,000.00",TRUE,0
135,207049LG,P260301168575,IBRAHIM KILADESE,"287,200.00",25,"85,000.00",1,"20,000.00",TRUE,0
136,2214NV3L,C42P008D01900154,Ajibs venture 2,"285,700.00",24,"29,000.00",2,"20,000.00",TRUE,0
137,2033JAFD,P260300179674,Horlamirth financial institution,"283,000.00",19,"299,650.00",4,"20,000.00",TRUE,0
138,207099DB,P260300975004,Crystal Light Venture,"281,350.00",16,"421,300.00",6,"20,000.00",TRUE,0
139,2033LWZ2,P260300792119,Folayemi ventures,"280,250.00",19,"318,690.00",9,"20,000.00",TRUE,0
140,2057TSVR,P260300780433,Aminat Adekunle,"275,000.00",8,"277,000.00",6,"20,000.00",TRUE,0
141,2070XQ90,P260300603703,Iris multi-venture,"271,000.00",49,"136,700.00",8,"20,000.00",TRUE,0
142,207037KH,P260300029799,Goldworth venture,"268,900.00",10,"268,000.00",5,"20,000.00",TRUE,0
143,2070I9UL,P260300700712,"BOVAS & COMPANY LIMITED -BOVAS AND COMPANYBABANLA LPG","267,365.00",9,0,0,"20,000.00",TRUE,0
144,2214UFQN,P260300320509,OLADOSU KAFAYAT OLAITAN,"261,600.00",14,"51,500.00",2,"20,000.00",TRUE,0
145,2033NQO5,P260300502747,Beulah paycentre,"261,200.00",19,"285,100.00",6,"20,000.00",TRUE,0
146,2033EJN5,P260300564985,Jummy communication,"261,100.00",9,"270,000.00",1,"20,000.00",TRUE,0
147,2070ALOY,P260301220016,Reyfit Limited,"258,500.00",8,0,0,"20,000.00",TRUE,0
148,207033FA,P260301164497,BIMSOL VENTURES,"258,100.00",12,"157,250.00",5,"20,000.00",TRUE,0
149,2070AMOS,P260301216999,MMVenture,"255,700.00",27,"252,750.00",16,"20,000.00",TRUE,0
150,20700GPX,P260300442040,Iris multi venture2,"254,700.00",36,"84,700.00",12,"20,000.00",TRUE,0
151,2214B02P,P260301812971,OJO DAMILOLA SAMSON,"254,200.00",8,"258,600.00",4,"20,000.00",TRUE,0
152,2070E1FA,P260300699244,"Seventhday Adventist School ofNursing","253,290.00",165,0,0,"20,000.00",TRUE,0
153,2033XEK9,P260300013762,Ola venture,"250,350.00",10,"161,200.00",2,"20,000.00",TRUE,0
154,2057UHEW,P260300803967,Ibukun olu store,"246,470.00",13,0,0,"20,000.00",TRUE,0
155,2057MO9M,P260301616705,Babnet computer venture,"244,700.00",33,"94,500.00",5,"20,000.00",TRUE,0
156,2070ACDE,P260301235213,Olaife pos II,"242,500.00",12,"247,850.00",3,"20,000.00",TRUE,0
157,2057HBEY,P260301219706,Chicken Express Iseyin,"240,150.00",59,0,0,"20,000.00",TRUE,0
158,2070409Z,P260300438675,Abeebat Jubril,"239,450.00",30,"278,400.00",13,"20,000.00",TRUE,0
159,207048KO,P260300548538,OJTOLUWALASE TELECOM,"238,000.00",37,"194,750.00",12,"20,000.00",TRUE,0
160,2070X2LQ,P260300803725,Lola Seafood,"237,200.00",17,"279,200.00",4,"20,000.00",TRUE,0
161,2070531K,P260301195374,"MTLALA NIGERIAENTERPRISES","236,700.00",25,0,0,"20,000.00",TRUE,0
162,207018PV,P260300315982,Kennywise Ventures,"233,300.00",15,"444,216.00",7,"20,000.00",TRUE,0
163,2070JGIK,P260301560105,lady Tventure,"230,150.00",29,"288,500.00",4,"20,000.00",TRUE,0
164,2070IH4X,P260301189414,FOODCO ADEGBAYI 2,"229,650.00",52,0,0,"20,000.00",TRUE,0
165,2070FP0I,P260301048463,Ase oluwa,"228,100.00",10,"223,440.00",5,"20,000.00",TRUE,0
166,20331GCW,P260301520689,"THE GRACE GLOBAL TELECOMVENTURES","227,700.00",31,"70,000.00",1,"20,000.00",TRUE,0
167,2057EASD,P260301375088,BIGsheff Enterprises,"225,950.00",41,"222,400.00",9,"20,000.00",TRUE,0
168,2057C22L,P260300245802,inshallah pos,"225,550.00",18,"221,000.00",7,"20,000.00",TRUE,0
169,2070IKG4,P260300535786,Allah mercy2,"224,900.00",16,"159,600.00",13,"20,000.00",TRUE,0
170,2070483Z,P260301339327,HOSANNA VENTURES,"221,900.00",20,"70,100.00",5,"20,000.00",TRUE,0
171,2070D0WI,P260300670390,Makinde Ibrahim,"219,500.00",40,"183,000.00",3,"20,000.00",TRUE,0
172,2070KAV7,P260300856612,Omo Akin venture,"219,465.00",33,"61,000.00",6,"20,000.00",TRUE,0
173,2070047W,P260300575894,Michael Ayoade,"217,650.00",45,"200,000.00",12,"20,000.00",TRUE,0
174,2070U9WV,P260300174859,Rtk drinks store,"216,650.00",5,0,0,"20,000.00",TRUE,0
175,207093DB,P260300699997,Mushmuhad Enterprise,"210,650.00",42,"209,650.00",5,"20,000.00",TRUE,0
176,207020LV,P260300808834,Awesu,"210,300.00",23,"17,850.00",4,"20,000.00",TRUE,0
177,207039XK,P260300175905,yah Salam communication,"209,750.00",9,"171,000.00",3,"20,000.00",TRUE,0
178,2033OGQH,P260301181417,Al istijaba Enterprise,"208,900.00",34,"353,900.00",9,"20,000.00",TRUE,0
179,2070MM0W,P260301351895,CASCADE LOUNGE OYO,"208,000.00",4,0,0,"20,000.00",TRUE,0
180,2070MT8Z,P260301351898,Bodija Chicken Express 2,"206,700.00",41,0,0,"20,000.00",TRUE,0
181,2070UQH8,P260301172125,Ejire Ariyo communication 2,"201,100.00",3,"200,000.00",1,"20,000.00",TRUE,0
182,2057AHOW,P260301306570,BASH AMRON INVESTMENT,"199,000.00",11,"141,500.00",6,"20,000.00",TRUE,0
183,207044RA,P260300367965,Kennywise Ventures II,"198,100.00",18,"297,100.00",7,"20,000.00",TRUE,0
184,2070G9CA,P260300699534,Sunny Best Nigeria Enterprises,"197,900.00",8,0,0,"20,000.00",TRUE,0
185,2057EAKH,P260300790491,BIMPLES HOTEL VENTURES,"196,600.00",30,0,0,"20,000.00",TRUE,0
186,2070IVAD,P260301825423,"DOSUMU OLUWATOSINOPEYEMI","195,540.00",30,"172,300.00",8,"20,000.00",TRUE,0
187,2057AXIO,P260301339012,Mama AK provision store,"195,350.00",19,"268,000.00",4,"20,000.00",TRUE,0
188,2070I0BJ,P260300784143,"Ayobami and sons NigeriaEnterprises","195,200.00",11,0,0,"20,000.00",TRUE,0
189,2033CUHQ,P260301301860,Adejoke enterprises,"192,800.00",27,"93,000.00",3,"20,000.00",TRUE,0
190,2070RTE5,P260301045177,Adepeju communications,"190,700.00",7,"127,000.00",1,"20,000.00",TRUE,0
191,2057EDSI,P260300555944,Mapekta Nigeria company,"190,200.00",35,"210,000.00",4,"20,000.00",TRUE,0
192,2033CJOT,P260300092448,HYE BEE KAY TELECOM 2,"188,770.00",28,"192,100.00",3,"20,000.00",TRUE,0
193,2033JAWH,P260300561694,Bismilahi ventures,"187,000.00",1,"185,000.00",1,"20,000.00",TRUE,0
194,2057EAXO,P260301267430,"AFEEZ2ALLI VENTURE -RIDWANULLAH VENTURES","186,200.00",24,"65,700.00",3,"20,000.00",TRUE,0
195,20707WCU,P260301560106,"bj global resources venturesbusiness","185,800.00",15,"117,100.00",4,"20,000.00",TRUE,0
196,2070313G,P260300063866,Omolola Afe,"185,200.00",12,"245,700.00",11,"20,000.00",TRUE,0
197,2033CIUT,P260300608278,Abdulsalam.com,"184,650.00",7,"184,250.00",2,"20,000.00",TRUE,0
198,2057ZDLG,P260300511127,Living proof eatery osogbo,"180,300.00",26,0,0,"20,000.00",TRUE,0
199,2033ZIEJ,P260300413591,HARANBE VENTURE,"179,600.00",24,"347,650.00",8,"20,000.00",TRUE,0
200,2033X81M,P260300673385,Blue flames gas,"179,350.00",33,0,0,"20,000.00",TRUE,0
201,2070P245,P260300166135,A&A venture,"176,300.00",21,"96,850.00",5,"20,000.00",TRUE,0
202,2070KDAO,P260301626361,Allahulateef2,"176,050.00",32,"160,100.00",8,"20,000.00",TRUE,0
203,207008LF,P260300312147,Tee Money Biz venture,"169,400.00",34,"10,250.00",4,"20,000.00",TRUE,0
204,2070510Z,P260300577458,Catherine Afe,"168,300.00",23,"254,240.00",7,"20,000.00",TRUE,0
205,20337ZU8,P260300231892,"KABLAT GLOBAL TECHNOLOGY- KABLAT VENTURES","167,500.00",9,"147,600.00",2,"20,000.00",TRUE,0
206,2057URSE,P260301078432,"BOVAS & COMPANY LIMITED -BOVAS AND COMPANYADEWOLE","167,500.00",10,0,0,"20,000.00",TRUE,0
207,20334UNZ,P260300852468,"BOVAS & COMPANY LIMITED -BOVAS AND COMPANY Omiadio","165,840.00",7,0,0,"20,000.00",TRUE,0
208,2057EAIA,P260300111905,Testimony,"164,800.00",35,"320,500.00",5,"20,000.00",TRUE,0
209,2057FKGU,7.02308E+13,Santos cake ingredients store 2,"164,300.00",1,0,0,"5,000.00",TRUE,0
210,2070XA0D,P260300974656,FOODCO NIG Apata 4,"161,830.00",72,0,0,"20,000.00",TRUE,0
211,2033PDKJ,P260300421136,Anuoluwapo business venture,"161,800.00",22,"193,350.00",9,"20,000.00",TRUE,0
212,2070CQXZ,P260301724513,SOJ ADIS TELECOM,"160,600.00",22,"44,400.00",5,"20,000.00",TRUE,0
213,2070M9GV,P260300700488,ALNUS INN AND LODGE,"160,000.00",6,0,0,"20,000.00",TRUE,0
214,2057NFVY,P260300777896,Teemah Prudent,"159,400.00",5,"56,100.00",2,"20,000.00",TRUE,0
215,2057BMJR,P260301492423,Opeyemi telecomm,"158,950.00",25,"160,600.00",12,"20,000.00",TRUE,0
216,2033DTFI,P260300122437,"MISGAR PHARMACEUTICALLTD - MISGA PHARMACY","157,850.00",44,0,0,"20,000.00",TRUE,0
217,2070M7NQ,P260300610060,Hellen Adanikin,"155,800.00",21,"193,000.00",3,"20,000.00",TRUE,0
218,2033K9DV,P260301800908,"OLALEKAN OMOKEHINDECHRISTIANAH","153,400.00",7,"153,200.00",7,"20,000.00",TRUE,0
219,2070GK1F,P260300493009,Titty multiventures,"153,200.00",14,"142,500.00",4,"20,000.00",TRUE,0
220,2033G2PW,C41P008D01507271,Santos Cake Ingredients Store 3,"152,750.00",8,"3,000.00",1,"20,000.00",TRUE,0
221,2057FIHY,P260301267260,AYOBAMI TELECOMS,"152,200.00",14,"21,100.00",5,"20,000.00",TRUE,0
222,207060GZ,P260301169275,ABIMBOLA OLUNLADE,"151,800.00",17,"206,000.00",5,"20,000.00",TRUE,0
223,22140P22,P260301754185,DTW,"151,300.00",20,"200,100.00",3,"20,000.00",TRUE,0
224,2070TI9J,P260301163629,Akinfenwa Money,"147,800.00",17,"156,700.00",6,"20,000.00",TRUE,0
225,2057AVXT,P260301006540,alakowe venture,"147,300.00",11,"82,380.00",9,"20,000.00",TRUE,0
226,20704ICE,P260301749092,Ronnice venture,"144,800.00",23,"4,000.00",1,"20,000.00",TRUE,0
227,2057OK9V,P260301650729,Uthmanic Tech Center,"144,000.00",4,"46,500.00",4,"20,000.00",TRUE,0
228,20703QFM,P260300809139,Albushro enterprise,"141,750.00",15,"192,396.25",4,"20,000.00",TRUE,0
229,2033INRR,P260300852532,Teemah Prudent Limited,"140,800.00",19,"28,100.00",4,"20,000.00",TRUE,0
230,2070PI5S,P260301081357,"BOVAS & COMPANY LIMITED -BOVAS AND COMPANY Saare","139,300.00",6,0,0,"20,000.00",TRUE,0
231,2070M9WB,P260300700487,ALNUS BAR,"139,200.00",47,0,0,"20,000.00",TRUE,0
232,2070L9FA,P260300700489,Dee cool Hotel,"139,100.00",28,0,0,"20,000.00",TRUE,0
233,20337PRN,P260300733774,"SAHID-NIRAN  ADEJUMO OASISVENTURES - FORTUNATEEXPRESS BAKERY UI","136,540.00",54,0,0,"20,000.00",TRUE,0
234,2033TKY1,P260300063870,OMO OBA ENTERPRISE,"136,500.00",4,0,0,"20,000.00",TRUE,0
235,2033NQS0,P260301946155,Effizy Pay Centre,"136,250.00",44,"135,790.00",11,"20,000.00",TRUE,0
236,2070Y1DU,P260300674092,"Omak healthcare services - Omakhealthcare UI","134,220.00",7,0,0,"20,000.00",TRUE,0
237,207029PV,P260300129271,Oladipo Opeola,"133,400.00",17,"170,169.00",7,"20,000.00",TRUE,0
238,2033ZMF3,P260300269705,OLAQ VENTURES,"131,400.00",17,"6,750.00",1,"20,000.00",TRUE,0
239,2057UUAR,P260301306318,"BOVAS & COMPANY LIMITED -BOVAS AND COMPANY ONDO 3","131,000.00",2,0,0,"20,000.00",TRUE,0
240,2057DZDS,P260300604019,Heemab Integrity Global Venture,"129,650.00",24,"129,100.00",3,"20,000.00",TRUE,0
241,2070RFD7,P260300575621,Master D telecom,"129,400.00",10,"83,000.00",3,"20,000.00",TRUE,0
242,2070SST5,P260300572105,batos venture,"126,000.00",21,"217,500.00",4,"20,000.00",TRUE,0
243,207071GE,P260300122436,Shefcom,"124,500.00",9,"173,450.00",3,"20,000.00",TRUE,0
244,2057DZQC,P260300136215,Ultimate Ventures,"123,700.00",6,"115,300.00",5,"20,000.00",TRUE,0
245,2057EFKK,P260300746803,Ennylink's 2,"121,250.00",17,"739,056.00",8,"20,000.00",TRUE,0
246,2070ADEX,P260301219416,Olas one commication,"120,800.00",25,"200,600.00",10,"20,000.00",TRUE,0
247,2070GYEV,P260301540875,Supreme Global Hotel and Suites,"119,600.00",7,0,0,"20,000.00",TRUE,0
248,22143NT0,P260301758725,Adufe multi biz,"119,500.00",8,"71,500.00",1,"20,000.00",TRUE,0
249,2070T5JO,P260300797235,"FEEDWELL FOODSSUPERMARKET ELEYELE","116,920.50",24,0,0,"20,000.00",TRUE,0
250,2070C737,P260300123884,"Seventh Day AdventistCooperative Society BusinessCenter","116,250.00",24,"67,700.00",5,"20,000.00",TRUE,0
251,2057BWIU,P260301267431,Lolrem.com,"115,400.00",11,"175,000.00",5,"20,000.00",TRUE,0
252,2070FU8T,P260300647528,Friendly Top filling station Oluyole,"113,690.00",13,0,0,"20,000.00",TRUE,0
253,207080DM,P260300013734,Easy Communication.,"112,050.00",15,"111,550.00",4,"20,000.00",TRUE,0
254,2070OAK4,P260300822324,"IT IS WELL BUSINESSCOMMUNICATION","111,600.00",9,"108,500.00",5,"20,000.00",TRUE,0
255,2070ZT2Z,P260301560107,SAKA JELILI BAYO,"111,600.00",21,0,0,"20,000.00",TRUE,0
256,207036CG,P260300511128,Divine Grace stores,"111,400.00",10,"75,900.00",5,"20,000.00",TRUE,0
257,2033ZFGA,P260300162924,"LIVING PROOF BAKERY ANDSUPERMARKETS AYEGUN","110,450.00",27,0,0,"20,000.00",TRUE,0
258,2057ANKG,P260301267432,"BOVAS & COMPANY LIMITED -BOVAS AND COMPANY ORE 1LPG","108,880.00",2,0,0,"20,000.00",TRUE,0
259,22143U1B,P260301800909,BALOGUN Nurudeen Kolapo,"106,700.00",4,"120,000.00",3,"20,000.00",TRUE,0
260,2057VKMZ,P260300779195,Ire ventures,"106,700.00",24,"84,000.00",2,"20,000.00",TRUE,0
261,2057HNTU,P260301306364,Boldas Venture,"106,400.00",11,"105,900.00",2,"20,000.00",TRUE,0
262,2033BCTB,P260301166721,master D telecom,"106,250.00",19,"50,500.00",3,"20,000.00",TRUE,0
263,20336KH8,P260300743142,Babalomowu,"105,500.00",7,"7,000.00",2,"20,000.00",TRUE,0
264,20704GOT,P260301729221,MNS DIMPLEX VENTURE,"105,370.00",12,0,0,"20,000.00",TRUE,0
265,2070364K,P260301532535,Opeyemi ventures,"103,550.00",20,"7,000.00",1,"20,000.00",TRUE,0
266,2070V2PJ,P260300780434,Bumies enterprises,"103,100.00",25,"156,500.00",3,"20,000.00",TRUE,0
267,2033K3KW,C42P008D01900155,IDRIS NURENI ABIDEMI,"100,000.00",1,0,0,"20,000.00",TRUE,0
268,2057UWMN,P260300199009,Santos cake ingredients store,"99,500.00",11,0,0,"20,000.00",TRUE,0
269,2070I1HD,P260301169277,Drinks Arena,"99,200.00",4,"56,000.00",4,"20,000.00",TRUE,0
270,2070RY7I,P260300839107,"BOVAS & COMPANY LIMITED -BOVAS AND COMPANY IWOABILERE","98,800.00",4,0,0,"20,000.00",TRUE,0
271,2033D9NB,P260301499328,"BOVAS & COMPANY LIMITED -Bovas and company Ikene 1 LPG","97,960.00",10,0,0,"20,000.00",TRUE,0
272,207080GR,P260300460898,Olumide Ayeku,"97,300.00",15,"130,000.00",3,"20,000.00",TRUE,0
273,2033QHC0,P260300234160,Gods' Time,"97,200.00",19,"96,600.00",6,"20,000.00",TRUE,0
274,2057ZQOM,P260301223224,AFT SOLUTION LTD 1,"97,200.00",30,0,0,"20,000.00",TRUE,0
275,22143XUA,C42P008D01908024,Skolas venture,"97,050.00",13,"105,000.00",4,"20,000.00",TRUE,0
276,20709S1Z,P260300611971,Rector Man multiventure,"96,000.00",9,"70,000.00",2,"20,000.00",TRUE,0
277,20337OF4,P260300613576,Friendly Top Supermarket,"95,630.00",32,0,0,"20,000.00",TRUE,0
278,2057BLSD,P260301503575,God grace invt,"95,600.00",12,"83,400.00",4,"20,000.00",TRUE,0
279,2070XR98,P260300572106,folly cash ventures,"94,350.00",21,"262,000.00",1,"20,000.00",TRUE,0
280,2033FRJO,P260301616716,MUTIU OLATOYE,"93,700.00",7,"238,800.00",8,"20,000.00",TRUE,0
281,2070PON4,P260300610063,"yemyte mobile technical - AlamuSunday","92,900.00",7,"63,200.00",4,"20,000.00",TRUE,0
282,2214U84Q,P260301812337,Muoyetventure,"92,410.00",21,"3,600.00",3,"20,000.00",TRUE,0
283,2033IJGZ,P260300600444,Ayomide Ventures,"92,200.00",8,"92,000.00",3,"20,000.00",TRUE,0
284,2070UHS8,P260300479750,Adex ventures,"90,300.00",5,"112,300.00",3,"20,000.00",TRUE,0
285,2057UHGW,P260300451024,FORTUNATE BREAD,"89,720.00",4,"14,700.00",2,"20,000.00",TRUE,0
286,2057EFDN,P260301168486,Baliqis Omotunde,"89,400.00",14,"115,000.00",10,"20,000.00",TRUE,0
287,2057MQTB,P260300421138,A K Fortune venture2,"87,700.00",15,"124,000.00",3,"20,000.00",TRUE,0
288,2214FHV8,P260301803484,ADEWALE IBIDUN ESTHER,"87,100.00",5,"61,650.00",2,"20,000.00",TRUE,0
289,2033FSQW,P260300366808,Tosine multi Ventures.,"86,950.00",33,"86,000.00",3,"20,000.00",TRUE,0
290,2057ECFR,P260300351749,Bolanle Ayeku,"85,450.00",17,"137,350.00",11,"20,000.00",TRUE,0
291,2033IKSB,P260300341988,Aniya venture,"84,700.00",5,"269,800.00",4,"20,000.00",TRUE,0
292,207077SQ,P260300576418,Ojay Ventures,"82,500.00",18,"68,635.00",10,"20,000.00",TRUE,0
293,2033GTE3,P260300007306,ORJI CLARA ANURIKA,"80,000.00",2,"75,000.00",3,"20,000.00",TRUE,0
294,20700EZL,P260300445815,Davidson,"79,300.00",20,"50,800.00",6,"20,000.00",TRUE,0
295,2070BMUZ,P260301729225,Opeyemivent,"78,400.00",10,"100,000.00",1,"20,000.00",TRUE,0
296,2057ATQI,P260300126209,HYE BEE KAY  TELECOM,"78,050.00",10,"84,500.00",6,"20,000.00",TRUE,0
297,20335NJP,P260300812084,Ade Telecom,"78,050.00",14,"4,500.00",2,"20,000.00",TRUE,0
298,2033XHI6,P260300029794,PLATINUM TELECOMS,"77,800.00",12,"84,000.00",6,"20,000.00",TRUE,0
299,207004KM,P260301040497,Master D group of companies,"77,150.00",7,"55,900.00",4,"20,000.00",TRUE,0
300,2033PBA4,P260301085065,master D telecom,"76,500.00",11,"27,000.00",2,"20,000.00",TRUE,0
301,2033JJKM,P260300216481,With God,"75,550.00",5,"42,000.00",3,"20,000.00",TRUE,0
302,2070L257,P260300135618,Obj Venture,"75,200.00",3,"13,900.00",3,"20,000.00",TRUE,0
303,2070S1IT,P260301216924,Temiloluwaventure,"75,200.00",5,0,0,"20,000.00",TRUE,0
304,207013RX,P260300140258,His Mercy Venture,"74,900.00",17,"580,300.00",5,"20,000.00",TRUE,0
305,2033IJXF,P260300654209,ALNUS KITCHEN,"74,600.00",12,0,0,"20,000.00",TRUE,0
306,2057JBZA,P260301348489,"BOVAS & COMPANY LIMITED -BOVAS AND COMPANY Minna 2","74,500.00",12,0,0,"20,000.00",TRUE,0
307,2214GO54,P260301787823,Multibeauty 2,"74,350.00",5,"121,000.00",4,"20,000.00",TRUE,0
308,2070H045,P260300856392,Anuoluwapo Store,"74,300.00",14,"114,000.00",10,"20,000.00",TRUE,0
309,2057VMDJ,P260301503574,WITH GOD VENTURE,"74,200.00",11,"63,900.00",3,"20,000.00",TRUE,0
310,2070AONP,P260301220015,Ade & Ade,"73,880.00",3,"70,000.00",1,"20,000.00",TRUE,0
311,2057OS7C,P260301616706,Omo iya Eleja,"73,650.00",21,0,0,"20,000.00",TRUE,0
312,207055PU,P260300126237,TEE JAY ventures,"73,500.00",8,0,0,"20,000.00",TRUE,0
313,2033NTZ1,P260300556324,Awesu II,"73,300.00",13,"11,000.00",3,"20,000.00",TRUE,0
314,2070YA13,P260301288070,IYONU OLOHUN COMM,"73,100.00",3,"106,000.00",4,"20,000.00",TRUE,0
315,20575ITA,P260300792107,Oluwanishola Ventures,"73,050.00",17,"44,900.00",7,"20,000.00",TRUE,0
316,2070UW03,P260301203381,KAMHAF VENTURES,"72,900.00",7,"16,300.00",3,"20,000.00",TRUE,0
317,2070DVMU,P260301709688,omega communications,"72,500.00",4,"72,000.00",8,"20,000.00",TRUE,0
318,2214FTU9,P260301936025,RAHEEM  ADEWALE  MUTIU,"70,700.00",10,"281,000.00",2,"20,000.00",TRUE,0
319,2070H9UO,P260300700650,Ace Akobo Salon,"69,500.00",20,0,0,"20,000.00",TRUE,0
320,2070ENEA,P260301480900,PLATINUM TELECOMS 2,"68,800.00",16,"21,300.00",5,"20,000.00",TRUE,0
321,2070G8YY,P260301049446,Ola Opera D best communication,"68,800.00",16,0,0,"20,000.00",TRUE,0
322,20709JPA,P260300305710,Double T,"68,400.00",8,"68,500.00",2,"20,000.00",TRUE,0
323,2057ECVH,P260300490092,KORRECT STORES,"67,400.00",6,"99,500.00",5,"20,000.00",TRUE,0
324,2070DB1B,P260300975322,Abundance4real,"67,160.00",15,0,0,"20,000.00",TRUE,0
325,2033X31N,P260300377168,Plethora Grace Hotel,"66,550.00",15,0,0,"20,000.00",TRUE,0
326,2070EEQ7,P260300531397,"GOLDEN BEECOMMUNICATIONS - GoldenBee communication Ventures","66,100.00",20,"103,100.00",8,"20,000.00",TRUE,0
327,2057UUAC,P260300747090,"BOVAS & COMPANY LIMITED -BOVAS AND COMPANYOMUOKE","65,644.00",10,0,0,"20,000.00",TRUE,0
328,2057PS2U,P260301652087,S A Oventure,"65,000.00",2,0,0,"20,000.00",TRUE,0
329,2070GEGT,P260301823984,"SHERIFDEEN MODINATMOROMOKE","64,708.00",12,"65,750.00",14,"20,000.00",TRUE,0
330,207044AU,P260300800752,Dee Prospect Venture,"64,700.00",14,"62,300.00",2,"20,000.00",TRUE,0
331,2057TJXN,P260300806760,Fm chapters exclusive trades ltd,"64,500.00",12,0,0,"20,000.00",TRUE,0
332,20709UJL,P260301120746,Yoyinsola Ventures,"64,050.00",12,"211,100.00",3,"20,000.00",TRUE,0
333,2070WR0R,P260301043878,folowosele Eunice,"63,700.00",13,"42,100.00",3,"20,000.00",TRUE,0
334,2070499K,22116845,Enny links Enterprise,"62,850.00",7,"10,000.00",1,"20,000.00",TRUE,0
335,2070HSE9,P260300511129,FELLYGRAY COMMUNICATION,"62,650.00",15,"126,200.00",5,"20,000.00",TRUE,0
336,2070J318,P260300138161,Alas venture,"62,300.00",11,"258,784.00",2,"20,000.00",TRUE,0
337,207042IT,P260300063863,Beulah Paycentre 1,"60,100.00",1,"60,500.00",2,"20,000.00",TRUE,0
338,2057MRYZ,P260300809427,Anuoluwapo Ventures,"60,000.00",1,0,0,"20,000.00",TRUE,0
339,20701YBL,P260300439344,olas cash,"60,000.00",1,0,0,"20,000.00",TRUE,0
340,2033J3UQ,P260301581195,"Brymor Hotel venture, osogbo","59,900.00",4,0,0,"20,000.00",TRUE,0
341,207018PM,P260300619895,Muller venture,"59,250.00",17,0,0,"20,000.00",TRUE,0
342,20701TWL,P260300839112,YoriGold Enterprises,"57,450.00",5,"79,200.00",3,"20,000.00",TRUE,0
343,2070S2ZF,P260301682515,Apotiowo Nig. Ent,"57,400.00",10,"55,100.00",3,"20,000.00",TRUE,0
344,2057BWDO,P260301267433,ABEYNAL COMM,"57,200.00",13,"59,600.00",7,"20,000.00",TRUE,0
345,2070JLEY,P260301576006,Ava gold business - AVA GOLD,"56,850.00",19,0,0,"20,000.00",TRUE,0
346,20331FVS,P260300704959,Bolanle Adeboye,"56,350.00",12,"85,080.00",8,"20,000.00",TRUE,0
347,2070T1UI,P260300670393,All Smile Frozen Foods,"55,700.00",8,"300,000.00",1,"20,000.00",TRUE,0
348,207023VU,P260300166136,Al-Haqq ventures,"55,700.00",17,"15,200.00",6,"20,000.00",TRUE,0
349,2057JTME,P260301349997,ARKAB VENTURE,"55,400.00",3,0,0,"20,000.00",TRUE,0
350,2033HAG8,P260301037910,Divine favour,"54,700.00",11,"2,600.00",2,"20,000.00",TRUE,0
351,2033LOJ1,P260300517025,FEM Global ventures,"54,550.00",16,"330,000.00",5,"20,000.00",TRUE,0
352,2057UKBU,P260300739816,OYO CHICKEN EXPRESS,"54,400.00",14,0,0,"20,000.00",TRUE,0
353,20709JVH,P260301303549,Oluwatoyin venture,"54,150.00",12,"40,000.00",1,"20,000.00",TRUE,0
354,2033D6ZK,P260301520699,Owo mama waibu,"53,750.00",7,"160,100.00",3,"20,000.00",TRUE,0
355,2057DZGN,P260300692806,Idowu Eniafe,"52,850.00",11,"146,600.00",6,"20,000.00",TRUE,0
356,2033H7HA,C42P008D01602409,"ATANDA RUKAYATAFOLASHADE","52,350.00",15,"4,800.00",1,"20,000.00",TRUE,0
357,2070ODC7,P260300508003,keji cash ventures,"52,250.00",9,"63,000.00",3,"20,000.00",TRUE,0
358,2070G8KD,P260300647527,"Ava gold business - Ava goldbusiness","51,700.00",16,0,0,"20,000.00",TRUE,0
359,2070JIBG,P260301565292,OLABODE VICTORIA OLUBUNMI,"50,550.00",10,"35,200.00",3,"20,000.00",TRUE,0
360,2070415V,P260301164209,Jibson ventures III,"50,400.00",16,"50,030.00",2,"20,000.00",TRUE,0
361,2070FHZK,P260301480916,"Hayusol global venture - Hayusolglobal venture","49,500.00",7,"99,400.00",5,"20,000.00",TRUE,0
362,2070W2LA,P260300811163,Divine Favour 3,"49,450.00",10,0,0,"20,000.00",TRUE,0
363,20709G0O,P260300258576,Tenny Venture,"48,550.00",13,"76,400.00",3,"20,000.00",TRUE,0
364,2033FUBZ,P260300160245,Victoria,"48,250.00",12,"216,600.00",5,"20,000.00",TRUE,0
365,2057VMAA,P260300852845,Oluseg Computer Center,"47,750.00",5,"113,160.00",7,"20,000.00",TRUE,0
366,2057QK0S,P260301642794,Tunshenny Venture,"47,150.00",10,0,0,"20,000.00",TRUE,0
367,207036KL,P260300052685,Harbey ventures,"46,735.00",4,"45,000.00",2,"20,000.00",TRUE,0
368,20338BNR,P260301467757,folayemi venture,"46,300.00",9,"287,000.00",7,"20,000.00",TRUE,0
369,2070921Z,P260301220017,"God's Mercy MultipurposeVentures","46,000.00",8,"94,500.00",4,"20,000.00",TRUE,0
370,2070WKF8,P260300479751,Adebowale venture,"44,100.00",10,"16,100.00",5,"20,000.00",TRUE,0
371,2057VNCF,P260301169276,MASTDOLAP,"44,000.00",7,"9,100.00",2,"20,000.00",TRUE,0
372,2057UHHY,P260300739814,Pharmerald Pharmacy,"43,650.00",9,0,0,"20,000.00",TRUE,0
373,2033GEKX,P260300133692,F.m Concept,"43,000.00",12,"10,000.00",1,"20,000.00",TRUE,0
374,2070U7FY,P260301682517,Bolaventure,"42,900.00",13,"126,400.00",8,"20,000.00",TRUE,0
375,2070SJV5,P260300574409,Tanimola vetures,"42,850.00",3,"5,000.00",1,"20,000.00",TRUE,0
376,2070M3ZH,P260301682114,Veyop golden hours,"42,200.00",7,"80,000.00",2,"20,000.00",TRUE,0
377,2033F4SJ,P260300356116,Alnus,"42,100.00",8,0,0,"20,000.00",TRUE,0
378,2033CNQB,P260300320646,Simple business center,"41,800.00",13,"40,300.00",8,"20,000.00",TRUE,0
379,2057O4SL,P260301812601,AKANNI ALIU ASUKUNA,"41,550.00",10,"18,000.00",3,"20,000.00",TRUE,0
380,20331MSK,P260300684904,Chief Solution Nig Limited,"39,400.00",13,0,0,"20,000.00",TRUE,0
381,20331GZW,P260300684900,KK ADSOLAD VENTURES,"39,000.00",2,"39,000.00",1,"20,000.00",TRUE,0
382,2070N9RS,P260300699528,SAO Oke ado6,"38,800.00",9,0,0,"20,000.00",TRUE,0
383,2070OO7V,P260300852523,KC Ventures,"38,700.00",5,0,0,"20,000.00",TRUE,0
384,20335SA4,P260300421323,Happiness,"38,550.00",6,0,0,"20,000.00",TRUE,0
385,2070DW0U,P260300977539,G NETTE VENTURE,"37,100.00",8,"10,000.00",1,"20,000.00",TRUE,0
386,2070EGX1,P260300517021,Mama B,"36,350.00",5,"76,900.00",4,"20,000.00",TRUE,0
387,20335MKG,P260300852522,Roditech Enterprises,"36,000.00",9,"17,500.00",1,"20,000.00",TRUE,0
388,207034BI,P260300415511,Top world venture,"35,300.00",11,"20,500.00",4,"20,000.00",TRUE,0
389,2033XWA2,P260301315908,Lakeside Hotel Osogbo,"35,100.00",12,0,0,"20,000.00",TRUE,0
390,2057JL8K,P260301652086,TALLOID MULTILINK,"34,250.00",8,"100,000.00",1,"20,000.00",TRUE,0
391,2057ENYF,P260300235603,Choices,"34,000.00",13,"4,900.00",2,"20,000.00",TRUE,0
392,2070TX9H,P260301163600,Halimat Oil Solutions,"34,000.00",2,0,0,"20,000.00",TRUE,0
393,207020RA,P260301616717,Jibson Ventures,"33,800.00",8,"2,135,500.00",6,"20,000.00",TRUE,0
394,2070LOHF,P260301626362,wabillahi taofik,"33,700.00",2,"34,000.00",1,"20,000.00",TRUE,0
395,2214GW72,P260301810782,ABDULSALAM ROBIAT ABISOLA,"33,100.00",9,"35,500.00",4,"20,000.00",TRUE,0
396,2070VD98,P260300856391,"FIVE ALIVE GLOBALRESOURCES - FIVE ALIVEGLOBAL RESOURCES","32,900.00",3,"14,900.00",3,"20,000.00",TRUE,0
397,2070MY5V,P260300724933,"BOVAS & COMPANY LIMITED -BOVAS AND COMPANY Akure 1","32,550.00",3,0,0,"20,000.00",TRUE,0
398,207020RS,P260301499326,Godstime,"32,250.00",5,"34,700.00",5,"20,000.00",TRUE,0
399,20336GQ6,P260301195373,anjola store,"32,210.00",27,"43,500.00",4,"20,000.00",TRUE,0
400,2070P2ON,P260301671964,Oluwafemiventure,"31,000.00",5,"47,800.00",4,"20,000.00",TRUE,0
401,20707WJC,P260300366584,Omolara ventures,"31,000.00",9,"12,700.00",1,"20,000.00",TRUE,0
402,20700ZEF,P260300425008,ife oluwa,"29,350.00",9,0,0,"20,000.00",TRUE,0
403,20338QQ6,P260300562662,Flakky Tee,"29,050.00",10,"14,600.00",2,"20,000.00",TRUE,0
404,2057ECOQ,P260301936026,Omotee Ventures,"28,700.00",12,0,0,"20,000.00",TRUE,0
405,2070K3RS,P260301460417,BAYOSOLA Storr,"28,700.00",2,0,0,"20,000.00",TRUE,0
406,2070XS59,P260300501387,Olafit Multibiz Ventures,"28,200.00",5,"30,000.00",1,"20,000.00",TRUE,0
407,2070C4TK,P260300315026,ELEGANT ROOM,"27,750.00",3,"188,900.00",1,"20,000.00",TRUE,0
408,2057USKL,P260300745758,Lady Waidak,"27,500.00",3,"10,270.00",2,"20,000.00",TRUE,0
409,2070NHC5,P260300562653,Akinpelu Afeez,"27,150.00",6,"24,000.00",1,"20,000.00",TRUE,0
410,2033ZSLU,P260300599578,ALAWAYE VENTURE2,"26,850.00",3,0,0,"20,000.00",TRUE,0
411,20338HMJ,P260301642796,DCenterprises,"26,000.00",7,0,0,"20,000.00",TRUE,0
412,20575OHA,P260300749035,Alawaye  com,"25,700.00",11,"66,400.00",4,"20,000.00",TRUE,0
413,2033CJJJ,P260300320647,Adegoke telecom,"25,400.00",3,"54,000.00",2,"20,000.00",TRUE,0
414,2070PA3V,P260301344731,Kanneth Nome,"25,200.00",10,"1,000.00",1,"20,000.00",TRUE,0
415,207036KF,P260300256168,"WAMO TAOFEEKCOMMUNICATION.","24,700.00",4,"23,100.00",2,"20,000.00",TRUE,0
416,2070FUI3,P260300524884,Meenarh cash VENTURES,"23,000.00",3,"24,500.00",1,"20,000.00",TRUE,0
417,2070LAH4,P260300619897,Dominion,"22,800.00",3,0,0,"20,000.00",TRUE,0
418,2214SYSP,A42P008D01900820,ABANIKANDA TAIWO TIMOTHY,"22,500.00",2,0,0,"20,000.00",TRUE,0
419,20338FV9,P260300555268,Folly cash venture 2,"22,000.00",1,"21,864.00",2,"20,000.00",TRUE,0
420,2214R2YF,7.02308E+13,Attye beauty salon and spa 1,"21,500.00",4,0,0,"5,000.00",TRUE,0
421,2070U19K,P260301163601,Salman venture,"21,000.00",2,"11,050.00",1,"20,000.00",TRUE,0
422,2033LWR0,P260300508002,0kikiola venture,"20,800.00",5,900,1,"20,000.00",TRUE,0
423,2033RCQ8,P260301043774,Beulah Paycentre II,"20,100.00",2,"52,600.00",9,"20,000.00",TRUE,0
424,2070LRW9,P260300555206,Gazal ventures,"20,060.00",5,"61,000.00",2,"20,000.00",TRUE,0
425,2070X4AQ,P260300745759,Waslad Communication,"20,000.00",1,0,0,"20,000.00",TRUE,0
426,2057URRO,P260301575449,"BOVAS & COMPANY LIMITED -BOVAS AND COMPANYOLORUNSOGO","20,000.00",1,0,0,"20,000.00",TRUE,0
427,2070713X,P260300779752,Olajide Olawale,"19,800.00",8,"19,500.00",2,"20,000.00",FALSE,0
428,2070RY7N,P260300839108,"BOVAS & COMPANY LIMITED -BOVAS AND COMPANY ONDO 2","19,600.00",3,0,0,"20,000.00",FALSE,0
429,2033FSGO,P260300412125,Soat Global Link II,"19,500.00",10,"15,100.00",2,"20,000.00",FALSE,0
430,2070Y2SG,P260300610064,Enny store,"19,150.00",14,"14,740.00",4,"20,000.00",FALSE,0
431,2070ZM2N,P260300975320,"Upview Pharmacy andsupermarket","18,330.00",7,0,0,"20,000.00",FALSE,0
432,2033CTGF,P260300351750,BJ Global resources II,"18,300.00",4,"5,000.00",1,"20,000.00",FALSE,0
433,20331NVM,P260300244045,Kenny venture,"18,100.00",5,0,0,"20,000.00",FALSE,0
434,2057N4II,P260301812602,MUMCYTWINS VENTURE,"18,000.00",5,"31,200.00",5,"20,000.00",FALSE,0
435,20338LJM,P260301165689,olamilekan Ruth,"17,550.00",5,"4,000.00",1,"20,000.00",FALSE,0
436,2070E339,P260301344732,AFT SOLUTION LIMITED 4,"16,900.00",13,0,0,"20,000.00",FALSE,0
437,207091UZ,P260300165484,olorunfem ventures Ltd,"16,700.00",7,"12,000.00",1,"20,000.00",FALSE,0
438,2070GCE3,P260301048530,Floreo ventures,"15,900.00",7,"20,500.00",2,"20,000.00",FALSE,0
439,2070M0HB,P260300669368,SAO Jericho 4,"15,500.00",3,0,0,"20,000.00",FALSE,0
440,2070949Z,P260300547984,"Bil_Muiz Famous ServiceCompany II","15,300.00",1,"135,120.00",3,"20,000.00",FALSE,0
441,2070VUR5,P260300620567,Lollypee modest Design,"15,000.00",2,"2,000.00",1,"20,000.00",FALSE,0
442,2057PH1B,P260301688722,holarmove2crown,"14,800.00",6,0,0,"20,000.00",FALSE,0
443,2033OQEL,P260301345395,Firstgold ventures,"14,700.00",4,0,0,"20,000.00",FALSE,0
444,2070JOZP,P260300426373,"Omak healthcare services - OmakFoodmattaz","13,450.00",5,0,0,"20,000.00",FALSE,0
445,2070FEOZ,P260301479823,True Fruit,"13,400.00",5,0,0,"20,000.00",FALSE,0
446,2070I8XL,P260300654363,Centrepage hotel,"12,900.00",4,0,0,"20,000.00",FALSE,0
447,2057XONB,P260301018510,NICEPAM II,"12,400.00",1,"12,400.00",1,"20,000.00",FALSE,0
448,20709MUR,P260300313119,Victory Business,"12,000.00",4,"9,600.00",2,"20,000.00",FALSE,0
449,2033LKX0,P260300128777,mayobak venture,"11,600.00",4,"160,000.00",4,"20,000.00",FALSE,0
450,2033COSB,P260300415510,Fakunle kikelomo,"11,600.00",3,"8,000.00",2,"20,000.00",FALSE,0
451,2070JBLI,P260301527437,AFT SOLUTION LIMITED 5,"11,300.00",1,0,0,"20,000.00",FALSE,0
452,2033SYFE,P260300355143,Monyashahu,"10,950.00",2,"48,000.00",6,"20,000.00",FALSE,0
453,2033K8BZ,C42P008D01900156,Mummy Kemi Provision Store,"10,700.00",3,"21,450.00",2,"20,000.00",FALSE,0
454,2070ERQT,P260301485679,KAMHAF Venture,"10,600.00",3,"39,800.00",2,"20,000.00",FALSE,0
455,2033F5FB,C41P008D01509569,"MOBUS DEPOT - Yomex gameworld","10,200.00",6,0,0,"20,000.00",FALSE,0
456,2214K306,P260301812336,iya ikimot store,"10,000.00",1,"200,000.00",1,"20,000.00",FALSE,0
457,2070FBNV,P260301480917,DEKEMJOSH VENTURE,"10,000.00",2,"51,500.00",4,"20,000.00",FALSE,0
458,2033FNNM,P260300561693,Goodness curtain depot,"10,000.00",1,"9,950.00",1,"20,000.00",FALSE,0
459,2057AWDK,P260300734888,Kalesanmi Ventures,"10,000.00",2,"9,900.00",1,"20,000.00",FALSE,0
460,20704HYI,P260300365622,Sukurat Adeyemo,"10,000.00",3,300,1,"20,000.00",FALSE,0
461,22141UKP,A42P008D01904546,ONAYEMI ALABA MERCY,"9,700.00",4,"14,300.00",3,"20,000.00",FALSE,0
462,2070ELLJ,P260301479824,Ore ofe Jesu tofunmi Venture,"9,500.00",3,0,0,"20,000.00",FALSE,0
463,2070I8KY,P260300093112,ELEGANT BAR,"9,400.00",4,0,0,"20,000.00",FALSE,0
464,2033EQAB,P260300079310,AMUKY BUSINESS CENTRE,"9,200.00",5,"5,000.00",1,"20,000.00",FALSE,0
465,22143EQV,P260301749091,ajewole segun,"8,800.00",3,"85,600.00",5,"20,000.00",FALSE,0
466,2070VK76,P260301313127,Effizy Enterprises,"8,700.00",4,"8,600.00",3,"20,000.00",FALSE,0
467,2057VKXP,P260300806761,Xterian business enterprises,"8,500.00",2,"8,350.00",1,"20,000.00",FALSE,0
468,20335GHG,P260300856390,Hammed Adeshina,"8,000.00",2,"2,000.00",1,"20,000.00",FALSE,0
469,2057MY2G,P260301579695,Queen Yah-Lateef,"7,500.00",2,"33,600.00",3,"20,000.00",FALSE,0
470,2057JJHZ,7.02308E+13,"mercy Once again Varieties store2","7,500.00",2,0,0,"5,000.00",TRUE,0
471,2070JZ8C,P260301045130,ALBARKA,"7,420.00",2,0,0,"20,000.00",FALSE,0
472,2070WI7J,P260301168659,GODS FAVOUR,"7,000.00",2,0,0,"20,000.00",FALSE,0
473,20335GVI,P260300856393,Hp cooking Gas,"6,650.00",2,0,0,"20,000.00",FALSE,0
474,20331JFJ,P260300693133,"DAVATOS NIGERIA LIMITED -Davatos","6,050.00",1,0,0,"20,000.00",FALSE,0
475,2214X0TS,P260301946150,OYETUNJI JUMOKE GRACE,"5,500.00",2,0,0,"20,000.00",FALSE,0
476,2070IRPE,P260301576007,Aishat Olawale,"5,300.00",1,"40,000.00",1,"20,000.00",FALSE,0
477,2214H280,P260301812338,OYEGBADE FISAYO AWENI,"5,200.00",1,0,0,"20,000.00",FALSE,0
478,2070DP9P,P260300856526,Robys will,"5,100.00",1,"21,100.00",2,"20,000.00",FALSE,0
479,22140TG5,P260301754186,okikiventure,"5,000.00",1,"17,600.00",4,"20,000.00",FALSE,0
480,20704RGK,P260301533042,Mama Inioluwa store,"5,000.00",1,"12,700.00",4,"20,000.00",FALSE,0
481,2057MO5N,P260301581779,Imole ayo store,"5,000.00",1,"1,000.00",1,"20,000.00",FALSE,0
482,2033QFE5,P260300030332,ireoluwaventure,"5,000.00",1,0,0,"20,000.00",FALSE,0
483,20709MJL,C42P008D01948049,Ayoolaventure1,"4,000.00",1,0,0,"20,000.00",FALSE,0
484,20575MHI,P260300791176,"ALHAMEED HIGHLAND GOLDENTERPRISES","4,000.00",1,0,0,"20,000.00",FALSE,0
485,2070FFGH,P260301719340,Ajibat venture,"4,000.00",1,0,0,"20,000.00",FALSE,0
486,2070JYZ7,P260300164466,ADEOLA ldowu,"4,000.00",2,0,0,"20,000.00",FALSE,0
487,2033JJTF,P260301668852,JmkVenture,"3,500.00",1,0,0,"20,000.00",FALSE,0
488,2070HQCJ,P260301540876,Odeyemi  Ayomide,"3,000.00",1,0,0,"20,000.00",FALSE,0
489,2070V1XR,P260300670392,Oreolohun Tofunmi Frozen Foods,"2,800.00",1,"4,250.00",1,"20,000.00",FALSE,0
490,2070882W,P260300237930,Akorem Venture,"2,100.00",1,"2,700.00",2,"20,000.00",FALSE,0
491,2070OP5I,P260301327988,"BOVAS & COMPANY LIMITED -BOVAS AND COMPANY Akanran","2,000.00",1,0,0,"20,000.00",FALSE,0
492,20707XNU,P260301499329,Profit,"2,000.00",1,0,0,"20,000.00",FALSE,0
493,2057DTPD,P260301332107,SAMWILLY,"1,700.00",1,0,0,"20,000.00",FALSE,0
494,2057TLZB,P260300739818,OLUYOLE KIDDIES PARK,"1,500.00",1,0,0,"20,000.00",FALSE,0
495,2057B56Q,P260301709687,Lady sow,"1,000.00",1,"30,000.00",1,"20,000.00",FALSE,0
496,207018IH,P260300175904,A.E.E VENTURES,"1,000.00",1,950,1,"20,000.00",FALSE,0
497,2057XFUO,P260301080233,Ola samuel,"1,000.00",1,0,0,"20,000.00",FALSE,0
498,2070FDDD,P260301296841,MOREN beauty parlor and more,"1,000.00",1,0,0,"20,000.00",FALSE,0
499,20705MBY,P260301339013,Delex comm center business,"1,000.00",1,0,0,"20,000.00",FALSE,0
500,2057NY4P,P260301579696,MELIORA GRILLED FOODS,600,1,"4,800.00",1,"20,000.00",FALSE,0
501,2070NG8I,P260301329189,Ajoke clothing collections,300,1,0,0,"20,000.00",FALSE,0
502,2033YWWM,P260300425012,"OV Electrical Engineering andcontractor",0,0,"114,100.00",2,"20,000.00",FALSE,1
503,2070GU4T,P260301128845,Ewatomi,0,0,"40,000.00",1,"20,000.00",FALSE,1
504,2214SS0Y,A42P008D01900815,Kvng Timex Venture,0,0,"31,000.00",1,"20,000.00",FALSE,1
505,2057IDNS,P260301642795,Opeyemi vent.,0,0,"3,000.00",1,"20,000.00",FALSE,0
506,2070FNUD,P260301492422,SHEU COMMUNICATION,0,0,"1,950.00",1,"20,000.00",FALSE,2
507,2033LIW2,P260300735761,Olumide Ayeku,0,0,"1,000.00",1,"20,000.00",FALSE,7
508,2057EAUT,P260300142991,Olaife POS,0,0,980,1,"20,000.00",FALSE,40
509,2057UNTS,P260301080232,Ayoade Venture,0,0,0,0,"20,000.00",FALSE,146
510,2070PW5R,P260301081359,"BOVAS & COMPANY LIMITED -BOVAS AND COMPANY Minna 1",0,0,0,0,"20,000.00",FALSE,7
511,2070JX5I,P260301083339,SAO Dandaru 3,0,0,0,0,"20,000.00",FALSE,7
512,2070WU9H,P260301083336,SAO old ife road 3,0,0,0,0,"20,000.00",FALSE,7
513,2057ESXI,P260301083321,SAO monatan 2,0,0,0,0,"20,000.00",FALSE,6
514,2070IU5W,P260301083322,SAO monatan 6,0,0,0,0,"20,000.00",FALSE,6
515,2070TU5J,P260301083320,SAO coca cola 4,0,0,0,0,"20,000.00",FALSE,3
516,2070JQ3H,P260300976498,Peluola venture,0,0,0,0,"20,000.00",FALSE,16
517,2070ZC2S,P260300976499,Lolade enterprises,0,0,0,0,"20,000.00",FALSE,3
518,2033H3GN,C42P008D01602420,"OLADEINDE OLUBUSOLAMARGARET",0,0,0,0,"20,000.00",FALSE,_
519,2057N6HE,C42P008D01948056,DDon Multiventure,0,0,0,0,"20,000.00",FALSE,8
520,2033H7RA,C42P008D01602410,Lord build Guests House 2,0,0,0,0,"20,000.00",FALSE,27
521,2057AFHW,P260301243971,Bkay global venture,0,0,0,0,"20,000.00",FALSE,14
522,2070U3DC,P260300792928,Fabulous SUPERMARKET,0,0,0,0,"20,000.00",FALSE,89
523,2057DOHZ,P260301303558,Neaf venture,0,0,0,0,"20,000.00",FALSE,136
524,20576HKW,P260301304395,Ceeceedax,0,0,0,0,"20,000.00",FALSE,3
525,20336YQ7,P260301306571,ZASH Multiventures,0,0,0,0,"20,000.00",FALSE,2
526,2057BKHD,P260301222893,Yemisi Fasola,0,0,0,0,"20,000.00",FALSE,39
527,2070PEO2,P260301219099,Alabi Sangoleke,0,0,0,0,"20,000.00",FALSE,10
528,20705LEZ,P260301305676,Cascade Lounge Bodija 2,0,0,0,0,"20,000.00",FALSE,5
529,2070AIQY,P260301216647,"BOVAS & COMPANY LIMITED -Bovas And Company Okenne 3",0,0,0,0,"20,000.00",FALSE,0
530,2057AIZF,P260301243972,Peace& praise venture,0,0,0,0,"20,000.00",FALSE,42
531,20336XEH,P260300739801,Aseyori Block Industry,0,0,0,0,"20,000.00",FALSE,2
532,2070T3ZR,P260301332106,Derislinks,0,0,0,0,"20,000.00",FALSE,76
533,2070PR5Z,P260301116962,SAO Iwo Road 3,0,0,0,0,"20,000.00",FALSE,9
534,2070MR5E,P260301222891,SAO Ring Road 3,0,0,0,0,"20,000.00",FALSE,18
535,2033TLTT,P260300367962,Zainab AbdulKareem,0,0,0,0,"20,000.00",FALSE,11
536,2057MD4R,P260301650728,K Y VENTURE 2,0,0,0,0,"20,000.00",FALSE,1
537,2033TMRM,P260300998798,Boocurlah venture,0,0,0,0,"20,000.00",FALSE,116
538,2033OQUR,P260300792926,Mr Hally,0,0,0,0,"20,000.00",FALSE,99
539,20707YUG,P260300365212,Bashman Ventures,0,0,0,0,"20,000.00",FALSE,40
540,2070MV9O,C42P008D01934077,Sani Garba Babangida II,0,0,0,0,"20,000.00",FALSE,1
541,2057FBUR,P260301223223,AFT SOLUTION LIMITED 2,0,0,0,0,"20,000.00",FALSE,45
542,2070V3ZN,P260300790489,MNS DIMPLEX VENTURES,0,0,0,0,"20,000.00",FALSE,10
543,2057UKBN,P260300739819,ACE ILORIN SUPERMARKET 2,0,0,0,0,"20,000.00",FALSE,8
544,2070M0GB,P260300794386,SAO Odo ona 4,0,0,0,0,"20,000.00",FALSE,18
545,2070M0FG,P260301522830,SAO Idi ape 4,0,0,0,0,"20,000.00",FALSE,4
546,2070T9KP,P260301329188,Tadex venture,0,0,0,0,"20,000.00",FALSE,89
547,2033G9JW,C42P008D01939718,ANIMASAUN IDOWU AFUSAT,0,0,0,0,"20,000.00",FALSE,1
548,20331LBE,P260300691235,El Josh event management,0,0,0,0,"20,000.00",FALSE,89
549,20331IRW,P260300693124,Weeldrop Logistics Akobo 2,0,0,0,0,"20,000.00",FALSE,39
550,20331IPK,P260300693122,Weeldrop logistics Orita challenge,0,0,0,0,"20,000.00",FALSE,54
551,20331OHX,P260300693134,HOB digital consult,0,0,0,0,"20,000.00",FALSE,17
552,2057HMMT,P260301219039,Foomak cool spot,0,0,0,0,"20,000.00",FALSE,1
553,20703LVK,P260300415513,"Sherideen CommunicationVenture",0,0,0,0,"20,000.00",FALSE,299
554,2033OICF,P260300415512,Mathew  Awodele,0,0,0,0,"20,000.00",FALSE,4
555,2057AQDM,P260301201639,ArewaXtra,0,0,0,0,"20,000.00",FALSE,69
556,2033QDM2,P260300724050,Weeldrop Logistics Brewery 3,0,0,0,0,"20,000.00",FALSE,110
557,2070FPXC,P260300346626,"BOVAS & COMPANY LIMITED -BOVAS AND COMPANY IFAKOIJAYE",0,0,0,0,"20,000.00",FALSE,1
558,20339TXR,P260301201638,MUSTY COMMUNICATION,0,0,0,0,"20,000.00",FALSE,98
559,2070K0JN,P260300234505,"Adeoyo Maternity TeachingHospital Yemetu",0,0,0,0,"20,000.00",FALSE,42
560,2070LNHQ,P260301611335,TITILOPEVENTURE,0,0,0,0,"20,000.00",FALSE,2
561,2057JLYK,P260301375086,FOODCO NIG Lekki Online,0,0,0,0,"20,000.00",FALSE,1
562,2057EFGC,P260300724059,Weeldrop logistics Akobo 3,0,0,0,0,"20,000.00",FALSE,39
563,2070CQAF,P260301726926,Eng. Abass,0,0,0,0,"20,000.00",FALSE,16
564,2057UUEZ,P260301582970,"BOVAS & COMPANY LIMITED -BOVAS AND COMPANY OKOOLOWO LPG",0,0,0,0,"20,000.00",FALSE,_
565,2070NS4T,P260301499327,Olajireventure,0,0,0,0,"20,000.00",FALSE,0
566,2070TC5U,P260301575448,"BOVAS & COMPANY LIMITED -BOVAS AND COMPANY Oleyo",0,0,0,0,"20,000.00",FALSE,1
567,2070UQ89,P260300119224,Phronesis multiglobal limited,0,0,0,0,"20,000.00",FALSE,67
568,2070444B,P260300815994,OLAQ VENTURES 3,0,0,0,0,"20,000.00",FALSE,38
569,2057N4PE,P260301936033,opeyemiventure 2,0,0,0,0,"20,000.00",FALSE,2
570,207036QK,P260300548532,Alafia tayo,0,0,0,0,"20,000.00",FALSE,0
571,2033KPW6,P260300421137,Ayomi Telecoms,0,0,0,0,"20,000.00",FALSE,66
572,2057UXBF,P260300812082,Sceptre private school,0,0,0,0,"20,000.00",FALSE,16
573,2033NQT4,P260300112430,Ibunkunoluwa Business Venture,0,0,0,0,"20,000.00",FALSE,18
574,2057VHFB,P260300806764,"D STOCK MASTER CLOTHINGACCESSORIES",0,0,0,0,"20,000.00",FALSE,2
575,20575NVX,P260300425013,Adeleye Adeola,0,0,0,0,"20,000.00",FALSE,17
576,2070GL0R,P260301044450,Gods own venture,0,0,0,0,"20,000.00",FALSE,13
577,2070DYO1,P260300517023,"Neighbourhood phoneAccessories",0,0,0,0,"20,000.00",FALSE,1
578,20338IGA,P260301172126,Hollas Venture,0,0,0,0,"20,000.00",FALSE,16
579,2070EN8M,P260301045538,Success Drinks,0,0,0,0,"20,000.00",FALSE,12
580,2070MGR5,P260301045387,SAO Mowe 4,0,0,0,0,"20,000.00",FALSE,6
581,20709VGT,P260301195535,SAO Mowe 5,0,0,0,0,"20,000.00",FALSE,9
582,2070MRX7,P260300335896,SAO Mowe 6,0,0,0,0,"20,000.00",FALSE,84
583,2070DT3O,P260301045537,Abisade venture,0,0,0,0,"20,000.00",FALSE,39
584,2070IIJ4,P260300535785,Ibrahim Abdullahi,0,0,0,0,"20,000.00",FALSE,21
585,2070GD8V,P260301045539,DRest,0,0,0,0,"20,000.00",FALSE,28
586,2070O5ZH,P260300327420,"MISGAR PHARMACEUTICALLTD - MISGAR PHARMACY 2",0,0,0,0,"20,000.00",FALSE,5
587,2070M8OH,P260300654362,Living Proof Eatery Felele,0,0,0,0,"20,000.00",FALSE,37
588,2070JYJU,P260301538054,AFT SOLUTION LIMITED 6,0,0,0,0,"20,000.00",FALSE,19
589,2033JBF5,P260300613269,BABAJ VENTURES,0,0,0,0,"20,000.00",FALSE,2
590,2033EQST,P260300123628,Segelu 07,0,0,0,0,"20,000.00",FALSE,4
591,2070GAWW,P260301045266,"BOVAS & COMPANY LIMITED -BOVAS AND COMPANY IFAKOIJAYE",0,0,0,0,"20,000.00",FALSE,1
592,2070Q8VX,P260300700847,Avicess Jay Nigeria Limited,0,0,0,0,"20,000.00",FALSE,89
593,2070E0GZ,P260300674474,Summit Enterprises,0,0,0,0,"20,000.00",FALSE,5
594,2070IOVY,P260301557472,Ameer vegetable oil,0,0,0,0,"20,000.00",FALSE,2
595,2057LQ9M,P260301557473,Waidak Aresa Nig Enterprises,0,0,0,0,"20,000.00",FALSE,31
596,2057MZ6V,P260300257601,"Ava gold business - AVGKITCHEN",0,0,0,0,"20,000.00",FALSE,2
597,2070N9SB,P260300699529,SAO Jericho7,0,0,0,0,"20,000.00",FALSE,4
598,2033ZCAD,P260300451022,Hasibunalahu venture,0,0,0,0,"20,000.00",FALSE,1
599,20709EGP,P260301044448,Larry venture,0,0,0,0,"20,000.00",FALSE,8
600,2033ZLNS,P260300490085,Kaystone ventures,0,0,0,0,"20,000.00",FALSE,66
601,2070YYD2,P260300803968,"Opomulero Investment InnovationLtd.",0,0,0,0,"20,000.00",FALSE,10
602,20331MFS,P260300666179,Remdex,0,0,0,0,"20,000.00",FALSE,4
603,2070RRK9,P260301188755,"DHAYNIKE GLOBALENTERPRISES - Dhaynike GlobalEnterprises",0,0,0,0,"20,000.00",FALSE,5
604,2070M0GO,P260300669370,SAO Challenge 4,0,0,0,0,"20,000.00",FALSE,6
605,2070NLM9,P260300511126,Peace agro ventures,0,0,0,0,"20,000.00",FALSE,2
606,2214GVY3,P260301818634,SDA SON CAFETERIA,0,0,0,0,"20,000.00",FALSE,10
607,2070Y1CW,P260300670391,Mitingnids integrated venture,0,0,0,0,"20,000.00",FALSE,1
608,2033BASB,P260300122586,murrexventure,0,0,0,0,"20,000.00",FALSE,46
609,2033FSLJ,P260300322497,lady B ventures,0,0,0,0,"20,000.00",FALSE,24
610,2214PNRE,P260301758721,Ajibolaventure,0,0,0,0,"20,000.00",FALSE,4
611,2070M0KD,P260301345140,SAO Oke ado 4,0,0,0,0,"20,000.00",FALSE,10
612,2070W1IQ,P260301040118,"Vanguard Pharmacy ltd -Vanguard pharmacy Osogbo",0,0,0,0,"20,000.00",FALSE,1
613,20705JPA,P260300600442,"AMBSTORES GADGETVENTURES",0,0,0,0,"20,000.00",FALSE,2
614,2057DZTF,P260300063869,BALOGUN VENTURE,0,0,0,0,"20,000.00",FALSE,3
615,207091DB,C42P008D01605238,Talking point ventures,0,0,0,0,"20,000.00",FALSE,14
616,2057EDBP,P260300507713,Zeezy Ventures II,0,0,0,0,"20,000.00",FALSE,0
617,20705RJN,P260301338772,Mummyjetty venture,0,0,0,0,"20,000.00",FALSE,41
618,2214GWFQ,P260301812339,"Jesbiol Global Ventures - JesbiolGlobal Venture",0,0,0,0,"20,000.00",FALSE,35
619,20709S4G,P260300316635,Rector Man Multiventure II,0,0,0,0,"20,000.00",FALSE,37
620,207022CU,P260300013678,Praise mobile ventures,0,0,0,0,"20,000.00",FALSE,0
621,2033FNHL,P260300479752,Jesto,0,0,0,0,"20,000.00",FALSE,2
622,207089SQ,P260300599579,Goldlite Tower International,0,0,0,0,"20,000.00",FALSE,3
623,207031RN,P260300565360,Jamiu Salawudeen II,0,0,0,0,"20,000.00",FALSE,192
624,2070JC5O,P260301345141,"BOVAS & COMPANY LIMITED -BOVAS AND COMPANY Minna 2",0,0,0,0,"20,000.00",FALSE,2
625,2214CKOR,P260301812964,ADELEKE DAMILOLA  MARIAM,0,0,0,0,"20,000.00",FALSE,4
626,2070XQ89,P260300018298,AFFATECH,0,0,0,0,"20,000.00",FALSE,18
627,2033BCWP,5F400073,Emma-Gold,0,0,0,0,"20,000.00",FALSE,2
628,2033HBF9,P260301460400,AFT SOLUTION LIMITED 3,0,0,0,0,"20,000.00",FALSE,3
629,2057P7PS,P260300029795,awesu 5,0,0,0,0,"20,000.00",FALSE,48
630,20709JNY,P260300244081,TT,0,0,0,0,"20,000.00",FALSE,2
631,2057NKFO,P260300318988,D blessed Soul Ventures,0,0,0,0,"20,000.00",FALSE,5
632,2033IKQC,P260300032116,honey drop,0,0,0,0,"20,000.00",FALSE,5
,,,,,,,,,,
,,,,,,,,,,
,,,,,,,,,,
,,,,,,,,,,
,,,,,,,,,,
,,,,,,,,,,
,,,,,,,,,,
,,,,,,,,,,
,,,,,,,,,,
,,,,,,,,,,
,,,,,,,,,,
,,,,,,,,,,
,,,,,,,,,,
,,,,,,,,,,
,,,,,,,,,,
,,,,,,,,,,
,,,,,,,,,,
,,,,,,,,,,
,,,,,,,,,,
,,,,,,,,,,
,,,,,,,,,,
,,,,,,,,,,
,,,,,,,,,,
,,,,,,,,,,
,,,,,,,,,,
,,,,,,,,,,
,,,,,,,,,,
,,,,,,,,,,
,,,,,,,,,,
,,,,,,,,,,
,,,,,,,,,,
,,,,,,,,,,
,,,,,,,,,,
,,,,,,,,,,
,,,,,,,,,,
,,,,,,,,,,
,,,,,,,,,,
,,,,,,,,,,
,,,,,,,,,,
,,,,,,,,,,
,,,,,,,,,,
,,,,,,,,,,
,,,,,,,,,,
,,,,,,,,,,
,,,,,,,,,,
,,,,,,,,,,
,,,,,,,,,,
,,,,,,,,,,
,,,,,,,,,,
,,,,,,,,,,
,,,,,,,,,,
,,,,,,,,,,
,,,,,,,,,,
,,,,,,,,,,
,,,,,,,,,,
,,,,,,,,,,
,,,,,,,,,,
,,,,,,,,,,
,,,,,,,,,,
,,,,,,,,,,
,,,,,,,,,,
,,,,,,,,,,
,,,,,,,,,,
,,,,,,,,,,
,,,,,,,,,,
,,,,,,,,,,
,,,,,,,,,,
,,,,,,,,,,
,,,,,,,,,,
,,,,,,,,,,
,,,,,,,,,,
,,,,,,,,,,
,,,,,,,,,,
,,,,,,,,,,
,,,,,,,,,,
,,,,,,,,,,
,,,,,,,,,,
,,,,,,,,,,
,,,,,,,,,,
,,,,,,,,,,
,,,,,,,,,,
,,,,,,,,,,
,,,,,,,,,,
,,,,,,,,,,
,,,,,,,,,,
,,,,,,,,,,
,,,,,,,,,,
,,,,,,,,,,
,,,,,,,,,,
,,,,,,,,,,
,,,,,,,,,,
,,,,,,,,,,
,,,,,,,,,,
,,,,,,,,,,
,,,,,,,,,,
,,,,,,,,,,
,,,,,,,,,,
,,,,,,,,,,
,,,,,,,,,,
,,,,,,,,,,
,,,,,,,,,,
,,,,,,,,,,
,,,,,,,,,,
,,,,,,,,,,
,,,,,,,,,,
,,,,,,,,,,
,,,,,,,,,,
,,,,,,,,,,
,,,,,,,,,,
,,,,,,,,,,
,,,,,,,,,,
,,,,,,,,,,
,,,,,,,,,,
,,,,,,,,,,
,,,,,,,,,,
,,,,,,,,,,
,,,,,,,,,,
,,,,,,,,,,
,,,,,,,,,,
,,,,,,,,,,
,,,,,,,,,,
,,,,,,,,,,
,,,,,,,,,,
,,,,,,,,,,
,,,,,,,,,,
,,,,,,,,,,
,,,,,,,,,,
,,,,,,,,,,
,,,,,,,,,,
,,,,,,,,,,
,,,,,,,,,,
,,,,,,,,,,
,,,,,,,,,,
,,,,,,,,,,
,,,,,,,,,,
,,,,,,,,,,
,,,,,,,,,,
,,,,,,,,,,
,,,,,,,,,,
,,,,,,,,,,
,,,,,,,,,,
,,,,,,,,,,
,,,,,,,,,,
,,,,,,,,,,
,,,,,,,,,,
,,,,,,,,,,
,,,,,,,,,,
,,,,,,,,,,
,,,,,,,,,,
,,,,,,,,,,
,,,,,,,,,,
,,,,,,,,,,
,,,,,,,,,,
,,,,,,,,,,
,,,,,,,,,,
,,,,,,,,,,
,,,,,,,,,,
,,,,,,,,,,
,,,,,,,,,,
,,,,,,,,,,
,,,,,,,,,,
,,,,,,,,,,
,,,,,,,,,,
,,,,,,,,,,
,,,,,,,,,,
,,,,,,,,,,
,,,,,,,,,,
,,,,,,,,,,
,,,,,,,,,,
,,,,,,,,,,
,,,,,,,,,,
,,,,,,,,,,
,,,,,,,,,,
,,,,,,,,,,
,,,,,,,,,,
,,,,,,,,,,
,,,,,,,,,,
,,,,,,,,,,
,,,,,,,,,,
,,,,,,,,,,
,,,,,,,,,,
,,,,,,,,,,
,,,,,,,,,,
,,,,,,,,,,
,,,,,,,,,,
,,,,,,,,,,
,,,,,,,,,,
,,,,,,,,,,
,,,,,,,,,,
,,,,,,,,,,
,,,,,,,,,,
,,,,,,,,,,
,,,,,,,,,,
,,,,,,,,,,
,,,,,,,,,,
,,,,,,,,,,
,,,,,,,,,,
,,,,,,,,,,
,,,,,,,,,,
,,,,,,,,,,
,,,,,,,,,,
,,,,,,,,,,
,,,,,,,,,,
,,,,,,,,,,
,,,,,,,,,,
,,,,,,,,,,
,,,,,,,,,,
,,,,,,,,,,
,,,,,,,,,,
,,,,,,,,,,
,,,,,,,,,,
,,,,,,,,,,
,,,,,,,,,,
,,,,,,,,,,
,,,,,,,,,,
,,,,,,,,,,
,,,,,,,,,,
,,,,,,,,,,
,,,,,,,,,,
,,,,,,,,,,
,,,,,,,,,,
,,,,,,,,,,
,,,,,,,,,,
,,,,,,,,,,
,,,,,,,,,,
,,,,,,,,,,
,,,,,,,,,,
,,,,,,,,,,
,,,,,,,,,,
,,,,,,,,,,
,,,,,,,,,,
,,,,,,,,,,
,,,,,,,,,,
,,,,,,,,,,
,,,,,,,,,,
,,,,,,,,,,
,,,,,,,,,,
,,,,,,,,,,
,,,,,,,,,,
,,,,,,,,,,
,,,,,,,,,,
,,,,,,,,,,
,,,,,,,,,,
,,,,,,,,,,
,,,,,,,,,,
,,,,,,,,,,
,,,,,,,,,,
,,,,,,,,,,
,,,,,,,,,,
,,,,,,,,,,
,,,,,,,,,,
,,,,,,,,,,
,,,,,,,,,,
,,,,,,,,,,
,,,,,,,,,,
,,,,,,,,,,
,,,,,,,,,,
,,,,,,,,,,
,,,,,,,,,,
,,,,,,,,,,
,,,,,,,,,,
,,,,,,,,,,
,,,,,,,,,,
,,,,,,,,,,
,,,,,,,,,,
,,,,,,,,,,
,,,,,,,,,,
,,,,,,,,,,
,,,,,,,,,,
,,,,,,,,,,
,,,,,,,,,,
,,,,,,,,,,
,,,,,,,,,,
,,,,,,,,,,
,,,,,,,,,,
,,,,,,,,,,
,,,,,,,,,,
,,,,,,,,,,
,,,,,,,,,,
,,,,,,,,,,
,,,,,,,,,,
,,,,,,,,,,
,,,,,,,,,,
,,,,,,,,,,
,,,,,,,,,,
,,,,,,,,,,
,,,,,,,,,,
,,,,,,,,,,
,,,,,,,,,,
,,,,,,,,,,
,,,,,,,,,,
,,,,,,,,,,
,,,,,,,,,,
,,,,,,,,,,
,,,,,,,,,,
,,,,,,,,,,
,,,,,,,,,,
,,,,,,,,,,
,,,,,,,,,,
,,,,,,,,,,
,,,,,,,,,,
,,,,,,,,,,
,,,,,,,,,,
,,,,,,,,,,
,,,,,,,,,,
,,,,,,,,,,
,,,,,,,,,,
,,,,,,,,,,
,,,,,,,,,,
,,,,,,,,,,
,,,,,,,,,,
,,,,,,,,,,
,,,,,,,,,,
,,,,,,,,,,
,,,,,,,,,,
,,,,,,,,,,
,,,,,,,,,,
,,,,,,,,,,
,,,,,,,,,,
,,,,,,,,,,
,,,,,,,,,,
,,,,,,,,,,
,,,,,,,,,,
,,,,,,,,,,
,,,,,,,,,,
,,,,,,,,,,
,,,,,,,,,,
,,,,,,,,,,
,,,,,,,,,,
,,,,,,,,,,
,,,,,,,,,,
,,,,,,,,,,
,,,,,,,,,,
,,,,,,,,,,
,,,,,,,,,,
,,,,,,,,,,
,,,,,,,,,,
,,,,,,,,,,
,,,,,,,,,,
,,,,,,,,,,
,,,,,,,,,,
,,,,,,,,,,
,,,,,,,,,,
,,,,,,,,,,
,,,,,,,,,,
,,,,,,,,,,
,,,,,,,,,,
,,,,,,,,,,
,,,,,,,,,,
,,,,,,,,,,
,,,,,,,,,,
,,,,,,,,,,
,,,,,,,,,,
,,,,,,,,,,
,,,,,,,,,,
,,,,,,,,,,
,,,,,,,,,,
,,,,,,,,,,
,,,,,,,,,,
,,,,,,,,,,
,,,,,,,,,,
,,,,,,,,,,
,,,,,,,,,,
,,,,,,,,,,
,,,,,,,,,,
,,,,,,,,,,
,,,,,,,,,,
,,,,,,,,,,
,,,,,,,,,,
,,,,,,,,,,
,,,,,,,,,,
,,,,,,,,,,
,,,,,,,,,,
,,,,,,,,,,
,,,,,,,,,,
,,,,,,,,,,
,,,,,,,,,,
,,,,,,,,,,
,,,,,,,,,,
,,,,,,,,,,
,,,,,,,,,,
,,,,,,,,,,
,,,,,,,,,,
,,,,,,,,,,
,,,,,,,,,,
,,,,,,,,,,
,,,,,,,,,,
,,,,,,,,,,
,,,,,,,,,,
,,,,,,,,,,
,,,,,,,,,,
,,,,,,,,,,
,,,,,,,,,,
,,,,,,,,,,
,,,,,,,,,,
,,,,,,,,,,
,,,,,,,,,,
,,,,,,,,,,
,,,,,,,,,,
,,,,,,,,,,
,,,,,,,,,,
,,,,,,,,,,
,,,,,,,,,,
,,,,,,,,,,
,,,,,,,,,,
,,,,,,,,,,
,,,,,,,,,,
,,,,,,,,,,
,,,,,,,,,,
,,,,,,,,,,
,,,,,,,,,,
,,,,,,,,,,
,,,,,,,,,,
,,,,,,,,,,
,,,,,,,,,,
,,,,,,,,,,
,,,,,,,,,,
,,,,,,,,,,
,,,,,,,,,,
,,,,,,,,,,
,,,,,,,,,,
,,,,,,,,,,
,,,,,,,,,,
,,,,,,,,,,
,,,,,,,,,,
,,,,,,,,,,
,,,,,,,,,,
,,,,,,,,,,
,,,,,,,,,,
,,,,,,,,,,
,,,,,,,,,,
,,,,,,,,,,
,,,,,,,,,,
,,,,,,,,,,
,,,,,,,,,,
,,,,,,,,,,
,,,,,,,,,,
,,,,,,,,,,
,,,,,,,,,,
,,,,,,,,,,
,,,,,,,,,,
,,,,,,,,,,
,,,,,,,,,,
,,,,,,,,,,
,,,,,,,,,,
,,,,,,,,,,
,,,,,,,,,,
,,,,,,,,,,
,,,,,,,,,,
,,,,,,,,,,
,,,,,,,,,,
,,,,,,,,,,
,,,,,,,,,,
,,,,,,,,,,
,,,,,,,,,,
,,,,,,,,,,
,,,,,,,,,,
,,,,,,,,,,
,,,,,,,,,,
,,,,,,,,,,
,,,,,,,,,,
,,,,,,,,,,
,,,,,,,,,,
,,,,,,,,,,
,,,,,,,,,,
,,,,,,,,,,
,,,,,,,,,,
,,,,,,,,,,
,,,,,,,,,,
,,,,,,,,,,
,,,,,,,,,,
,,,,,,,,,,
,,,,,,,,,,
,,,,,,,,,,
,,,,,,,,,,
,,,,,,,,,,
,,,,,,,,,,
,,,,,,,,,,
,,,,,,,,,,
,,,,,,,,,,
,,,,,,,,,,
,,,,,,,,,,
,,,,,,,,,,
,,,,,,,,,,
,,,,,,,,,,
,,,,,,,,,,
,,,,,,,,,,
,,,,,,,,,,
,,,,,,,,,,
,,,,,,,,,,
,,,,,,,,,,
,,,,,,,,,,
,,,,,,,,,,
,,,,,,,,,,
,,,,,,,,,,
,,,,,,,,,,
,,,,,,,,,,
,,,,,,,,,,
,,,,,,,,,,
,,,,,,,,,,
,,,,,,,,,,
,,,,,,,,,,
,,,,,,,,,,
,,,,,,,,,,
,,,,,,,,,,
,,,,,,,,,,
,,,,,,,,,,
,,,,,,,,,,
,,,,,,,,,,
,,,,,,,,,,
,,,,,,,,,,
,,,,,,,,,,
,,,,,,,,,,
,,,,,,,,,,
,,,,,,,,,,
,,,,,,,,,,
,,,,,,,,,,
,,,,,,,,,,
,,,,,,,,,,
,,,,,,,,,,
,,,,,,,,,,
,,,,,,,,,,
,,,,,,,,,,
,,,,,,,,,,
,,,,,,,,,,
,,,,,,,,,,
,,,,,,,,,,
,,,,,,,,,,
,,,,,,,,,,
,,,,,,,,,,
,,,,,,,,,,
,,,,,,,,,,
,,,,,,,,,,
,,,,,,,,,,
,,,,,,,,,,
,,,,,,,,,,
,,,,,,,,,,
,,,,,,,,,,
,,,,,,,,,,
,,,,,,,,,,
,,,,,,,,,,
,,,,,,,,,,
,,,,,,,,,,
,,,,,,,,,,
,,,,,,,,,,
,,,,,,,,,,
,,,,,,,,,,
,,,,,,,,,,
,,,,,,,,,,
,,,,,,,,,,
,,,,,,,,,,
,,,,,,,,,,
,,,,,,,,,,
,,,,,,,,,,
,,,,,,,,,,
,,,,,,,,,,
,,,,,,,,,,
,,,,,,,,,,
,,,,,,,,,,
,,,,,,,,,,
,,,,,,,,,,
,,,,,,,,,,
,,,,,,,,,,
,,,,,,,,,,
,,,,,,,,,,
,,,,,,,,,,
,,,,,,,,,,
,,,,,,,,,,
,,,,,,,,,,
,,,,,,,,,,
,,,,,,,,,,
,,,,,,,,,,
,,,,,,,,,,
,,,,,,,,,,
,,,,,,,,,,
,,,,,,,,,,
,,,,,,,,,,
,,,,,,,,,,
,,,,,,,,,,
,,,,,,,,,,
,,,,,,,,,,
,,,,,,,,,,
,,,,,,,,,,
,,,,,,,,,,
,,,,,,,,,,
,,,,,,,,,,
,,,,,,,,,,
,,,,,,,,,,
,,,,,,,,,,
,,,,,,,,,,
,,,,,,,,,,
,,,,,,,,,,
,,,,,,,,,,
,,,,,,,,,,
,,,,,,,,,,
,,,,,,,,,,
,,,,,,,,,,
,,,,,,,,,,
,,,,,,,,,,
,,,,,,,,,,
,,,,,,,,,,
,,,,,,,,,,
,,,,,,,,,,
,,,,,,,,,,
,,,,,,,,,,
,,,,,,,,,,
,,,,,,,,,,
,,,,,,,,,,
,,,,,,,,,,
,,,,,,,,,,
,,,,,,,,,,
,,,,,,,,,,
,,,,,,,,,,
,,,,,,,,,,
,,,,,,,,,,
,,,,,,,,,,
,,,,,,,,,,
,,,,,,,,,,
,,,,,,,,,,
,,,,,,,,,,
,,,,,,,,,,
,,,,,,,,,,
,,,,,,,,,,
,,,,,,,,,,
,,,,,,,,,,
,,,,,,,,,,
,,,,,,,,,,
,,,,,,,,,,
,,,,,,,,,,
,,,,,,,,,,
,,,,,,,,,,
,,,,,,,,,,
